p1,p2,p3,p4,p5,p6,p7,p8,p9,p10,p11,p12,p13,p14,p15,p16,p17,p18,p19,p20,p21,p22,p23,p24,p25,p26,p27,p28,p29,p30,p31,p32
0,0,0,0,0,0,0,0,0,0,0,0,0,0,0,0,0,0,0,0,0,0,0,0,0,0,0,0,0,0,0,0
0,0,0,0,0,0,0,0,0,0,0,0,0,0,0,0,0,0,0,0,0,0,0,0,0,0,0,0,0,0,0,0
0,0,0,0,0,0,0,0,0,0,0,0,0,0,0,0,0,0,0,0,0,0,0,0,0,0,0,0,0,0,0,0
0,0,0,0,0,0,0,0,0,0,0,0,0,0,0,0,0,0,0,0,0,0,0,0,0,0,0,0,0,0,0,0
0,0,0,0,0,0,0,0,0,0,0,0,0,0,0,0,0,0,0,0,0,0,0,0,0,0,0,0,0,0,0,0
0,0,0,0,0,0,0,0,0,0,0,0,0,0,0,0,0,0,0,0,0,0,0,0,0,0,0,0,0,0,0,0
0,0,0,0,0,0,0,0,0,0,0,0,0,0,0,0,0,0,0,0,0,0,0,0,0,0,0,0,0,0,0,0
0,0,0,0,0,0,0,0,0,0,0,0,0,0,0,0,0,0,0,0,0,0,0,0,0,0,0,0,0,0,0,0
0,0,0,0,0,0,0,0,0,0,0,0,0,0,0,0,0,0,0,0,0,0,0,0,0,0,0,0,0,0,0,0
0,0,0,0,0,0,0,0,0,0,0,0,0,0,0,0,0,0,0,0,0,0,0,0,0,0,0,0,0,0,0,0
0,0,0,0,0,0,0,0,0,0,0,0,0,0,0,0,0,0,0,0,0,0,0,0,0,0,0,0,0,0,0,0
0,0,0,0,0,0,0,0,0,0,0,0,0,0,0,0,0,0,0,0,0,0,0,0,0,0,0,0,0,0,0,0
0,0,0,0,0,0,0,0,0,0,0,0,0,0,0,0,0,0,0,0,0,0,0,0,0,0,0,0,0,0,0,0
0,0,0,0,0,0,0,0,0,0,0,0,0,0,0,0,0,0,0,0,0,0,0,0,0,0,0,0,0,0,0,0
0,0,0,0,0,0,0,0,0,0,0,0,0,0,0,0,0,0,0,0,0,0,0,0,0,0,0,0,0,0,0,0
0,0,0,0,0,0,0,0,0,0,0,0,0,0,0,0,0,0,0,0,0,0,0,0,0,0,0,0,0,0,0,0
0,0,0,0,0,0,0,0,0,0,0,0,0,0,0,0,0,0,0,0,0,0,0,0,0,0,0,0,0,0,0,0
0,0,0,0,0,0,0,0,0,0,0,0,0,0,0,0,0,0,0,0,0,0,0,0,0,0,0,0,0,0,0,0
0,0,0,0,0,0,0,0,0,0,0,0,0,0,0,0,0,0,0,0,0,0,0,0,0,0,0,0,0,0,0,0
0,0,0,0,0,0,0,0,0,0,0,0,0,0,0,0,0,0,0,0,0,0,0,0,0,0,0,0,0,0,0,0
0,0,0,0,0,0,0,0,0,0,0,0,0,0,0,0,0,0,0,0,0,0,0,0,0,0,0,0,0,0,0,0
0,0,0,0,0,0,0,0,0,0,0,0,0,0,0,0,0,0,0,0,0,0,0,0,0,0,0,0,0,0,0,0
0,0,0,0,0,0,0,0,0,0,0,0,0,0,0,0,0,0,0,0,0,0,0,0,0,0,0,0,0,0,0,0
0,0,0,0,0,0,0,0,0,0,0,0,0,0,0,0,0,0,0,0,0,0,0,0,0,0,0,0,0,0,0,0
0,0,0,0,0,0,0,0,0,0,0,0,0,0,0,0,0,0,0,0,0,0,0,0,0,0,0,0,0,0,0,0
0,0,0,0,0,0,0,0,0,0,0,0,0,0,0,0,0,0,0,0,0,0,0,0,0,0,0,0,0,0,0,0
0,0,0,0,0,0,0,0,0,0,0,0,0,0,0,0,0,0,0,0,0,0,0,0,0,0,0,0,0,0,0,0
0,0,0,0,0,0,0,0,0,0,0,0,0,0,0,0,0,0,0,0,0,0,0,0,0,0,0,0,0,0,0,0
0,0,0,0,0,0,0,0,0,0,0,0,0,0,0,0,0,0,0,0,0,0,0,0,0,0,0,0,0,0,0,0
0,0,0,0,0,0,0,0,0,0,0,0,0,0,0,0,0,0,0,0,0,0,0,0,0,0,0,0,0,0,0,0
0,0,0,0,0,0,0,0,0,0,0,0,0,0,0,0,0,0,0,0,0,0,0,0,0,0,0,0,0,0,0,0
0,0,0,0,0,0,0,0,0,0,0,0,0,0,0,0,0,0,0,0,0,0,0,0,0,0,0,0,0,0,0,0
0,0,0,0,0,0,0,0,0,0,0,0,0,0,0,0,0,0,0,0,0,0,0,0,0,0,0,0,0,0,0,0
0,0,0,0,0,0,0,0,0,0,0,0,0,0,0,0,0,0,0,0,0,0,0,0,0,0,0,0,0,0,0,0
0,0,0,0,0,0,0,0,0,0,0,0,0,0,0,0,0,0,0,0,0,0,0,0,0,0,0,0,0,0,0,0
0,0,0,0,0,0,0,0,0,0,0,0,0,0,0,0,0,0,0,0,0,0,0,0,0,0,0,0,0,0,0,0
0,0,0,0,0,0,0,0,0,0,0,0,0,0,0,0,0,0,0,0,0,0,0,0,0,0,0,0,0,0,0,0
0,0,0,0,0,0,0,0,0,0,0,0,0,0,0,0,0,0,0,0,0,0,0,0,0,0,0,0,0,0,0,0
0,0,0,0,0,0,0,0,0,0,0,0,0,0,0,0,0,0,0,0,0,0,0,0,0,0,0,0,0,0,0,0
0,0,0,0,0,0,0,0,0,0,0,0,0,0,0,0,0,0,0,0,0,0,0,0,0,0,0,0,0,0,0,0
0,0,0,0,0,0,0,0,0,0,0,0,0,0,0,0,0,0,0,0,0,0,0,0,0,0,0,0,0,0,0,0
0,0,0,0,0,0,0,0,0,0,0,0,0,0,0,0,0,0,0,0,0,0,0,0,0,0,0,0,0,0,0,0
0,0,0,0,0,0,0,0,0,0,0,0,0,0,0,0,0,0,0,0,0,0,0,0,0,0,0,0,0,0,0,0
0,0,0,0,0,0,0,0,0,0,0,0,0,0,0,0,0,0,0,0,0,0,0,0,0,0,0,0,0,0,0,0
0,0,0,0,0,0,0,0,0,0,0,0,0,0,0,0,0,0,0,0,0,0,0,0,0,0,0,0,0,0,0,0
0,0,0,0,0,0,0,0,0,0,0,0,0,0,0,0,0,0,0,0,0,0,0,0,0,0,0,0,0,0,0,0
0,0,0,0,0,0,0,0,0,0,0,0,0,0,0,0,0,0,0,0,0,0,0,0,0,0,0,0,0,0,0,0
0,0,0,0,0,0,0,0,0,0,0,0,0,0,0,0,0,0,0,0,0,0,0,0,0,0,0,0,0,0,0,0
0,0,0,0,0,0,0,0,0,0,0,0,0,0,0,0,0,0,0,0,0,0,0,0,0,0,0,0,0,0,0,0
0,0,0,0,0,0,0,0,0,0,0,0,0,0,0,0,0,0,0,0,0,0,0,0,0,0,0,0,0,0,0,0
0,0,0,0,0,0,0,0,0,0,0,0,0,0,0,0,0,0,0,0,0,0,0,0,0,0,0,0,0,0,0,0
0,0,0,0,0,0,0,0,0,0,0,0,0,0,0,0,0,0,0,0,0,0,0,0,0,0,0,0,0,0,0,0
0,0,0,0,0,0,0,0,0,0,0,0,0,0,0,0,0,0,0,0,0,0,0,0,0,0,0,0,0,0,0,0
0,0,0,0,0,0,0,0,0,0,0,0,0,0,0,0,0,0,0,0,0,0,0,0,0,0,0,0,0,0,0,0
0,0,0,0,0,0,0,0,0,0,0,0,0,0,0,0,0,0,0,0,0,0,0,0,0,0,0,0,0,0,0,0
0,0,0,0,0,0,0,0,0,0,0,0,0,0,0,0,0,0,0,0,0,0,0,0,0,0,0,0,0,0,0,0
0,0,0,0,0,0,0,0,0,0,0,0,0,0,0,0,0,0,0,0,0,0,0,0,0,0,0,0,0,0,0,0
0,0,0,0,0,0,0,0,0,0,0,0,0,0,0,0,0,0,0,0,0,0,0,0,0,0,0,0,0,0,0,0
0,0,0,0,0,0,0,0,0,0,0,0,0,0,0,0,0,0,0,0,0,0,0,0,0,0,0,0,0,0,0,0
0,0,0,0,0,0,0,0,0,0,0,0,0,0,0,0,0,0,0,0,0,0,0,0,0,0,0,0,0,0,0,0
0,0,0,0,0,0,0,0,0,0,0,0,0,0,0,0,0,0,0,0,0,0,0,0,0,0,0,0,0,0,0,0
0,0,0,0,0,0,0,0,0,0,0,0,0,0,0,0,0,0,0,0,0,0,0,0,0,0,0,0,0,0,0,0
0,0,0,0,0,0,0,0,0,0,0,0,0,0,0,0,0,0,0,0,0,0,0,0,0,0,0,0,0,0,0,0
0,0,0,0,0,0,0,0,0,0,0,0,0,0,0,0,0,0,0,0,0,0,0,0,0,0,0,0,0,0,0,0
0,0,0,0,0,0,0,0,0,0,0,0,0,0,0,0,0,0,0,0,0,0,0,0,0,0,0,0,0,0,0,0
0,0,0,0,0,0,0,0,0,0,0,0,0,0,0,0,0,0,0,0,0,0,0,0,0,0,0,0,0,0,0,0
0,0,0,0,0,0,0,0,0,0,0,0,0,0,0,0,0,0,0,0,0,0,0,0,0,0,0,0,0,0,0,0
0,0,0,0,0,0,0,0,0,0,0,0,0,0,0,0,0,0,0,0,0,0,0,0,0,0,0,0,0,0,0,0
0,0,0,0,0,0,0,0,0,0,0,0,0,0,0,0,0,0,0,0,0,0,0,0,0,0,0,0,0,0,0,0
0,0,0,0,0,0,0,0,0,0,0,0,0,0,0,0,0,0,0,0,0,0,0,0,0,0,0,0,0,0,0,0
0,0,0,0,0,0,0,0,0,0,0,0,0,0,0,0,0,0,0,0,0,0,0,0,0,0,0,0,0,0,0,0
0,0,0,0,0,0,0,0,0,0,0,0,0,0,0,0,0,0,0,0,0,0,0,0,0,0,0,0,0,0,0,0
0,0,0,0,0,0,0,0,0,0,0,0,0,0,0,0,0,0,0,0,0,0,0,0,0,0,0,0,0,0,0,0
0,0,0,0,0,0,0,0,0,0,0,0,0,0,0,0,0,0,0,0,0,0,0,0,0,0,0,0,0,0,0,0
0,0,0,0,0,0,0,0,0,0,0,0,0,0,0,0,0,0,0,0,0,0,0,0,0,0,0,0,0,0,0,0
0,0,0,0,0,0,0,0,0,0,0,0,0,0,0,0,0,0,0,0,0,0,0,0,0,0,0,0,0,0,0,0
0,0,0,0,0,0,0,0,0,0,0,0,0,0,0,0,0,0,0,0,0,0,0,0,0,0,0,0,0,0,0,0
0,0,0,0,0,0,0,0,0,0,0,0,0,0,0,0,0,0,0,0,0,0,0,0,0,0,0,0,0,0,0,0
0,0,0,0,0,0,0,0,0,0,0,0,0,0,0,0,0,0,0,0,0,0,0,0,0,0,0,0,0,0,0,0
0,0,0,0,0,0,0,0,0,0,0,0,0,0,0,0,0,0,0,0,0,0,0,0,0,0,0,0,0,0,0,0
0,0,0,0,0,0,0,0,0,0,0,0,0,0,0,0,0,0,0,0,0,0,0,0,0,0,0,0,0,0,0,0
0,0,0,0,0,0,0,0,0,0,0,0,0,0,0,0,0,0,0,0,0,0,0,0,0,0,0,0,0,0,0,0
0,0,0,0,0,0,0,0,0,0,0,0,0,0,0,0,0,0,0,0,0,0,0,0,0,0,0,0,0,0,0,0
0,0,0,0,0,0,0,0,0,0,0,0,0,0,0,0,0,0,0,0,0,0,0,0,0,0,0,0,0,0,0,0
0,0,0,0,0,0,0,0,0,0,0,0,0,0,0,0,0,0,0,0,0,0,0,0,0,0,0,0,0,0,0,0
0,0,0,0,0,0,0,0,0,0,0,0,0,0,0,0,0,0,0,0,0,0,0,0,0,0,0,0,0,0,0,0
0,0,0,0,0,0,0,0,0,0,0,0,0,0,0,0,0,0,0,0,0,0,0,0,0,0,0,0,0,0,0,0
0,0,0,0,0,0,0,0,0,0,0,0,0,0,0,0,0,0,0,0,0,0,0,0,0,0,0,0,0,0,0,0
0,0,0,0,0,0,0,0,0,0,0,0,0,0,0,0,0,0,0,0,0,0,0,0,0,0,0,0,0,0,0,0
0,0,0,0,0,0,0,0,0,0,0,0,0,0,0,0,0,0,0,0,0,0,0,0,0,0,0,0,0,0,0,0
0,0,0,0,0,0,0,0,0,0,0,0,0,0,0,0,0,0,0,0,0,0,0,0,0,0,0,0,0,0,0,0
0,0,0,0,0,0,0,0,0,0,0,0,0,0,0,0,0,0,0,0,0,0,0,0,0,0,0,0,0,0,0,0
0,0,0,0,0,0,0,0,0,0,0,0,0,0,0,0,0,0,0,0,0,0,0,0,0,0,0,0,0,0,0,0
0,0,0,0,0,0,0,0,0,0,0,0,0,0,0,0,0,0,0,0,0,0,0,0,0,0,0,0,0,0,0,0
0,0,0,0,0,0,0,0,0,0,0,0,0,0,0,0,0,0,0,0,0,0,0,0,0,0,0,0,0,0,0,0
0,0,0,0,0,0,0,0,0,0,0,0,0,0,0,0,0,0,0,0,0,0,0,0,0,0,0,0,0,0,0,0
1.044672728,1.006614208,1.742578506,1.370922089,1.260256171,1.851118803,0.806986451,0.552745819,0.500263989,0.640437365,1.175215721,1.776204586,0.451977223,0.8752653,1.508354425,0.986574829,1.158499241,1.906863809,0.938603461,3.122570038,0.847624362,1.813986778,0.898017645,1.24129796,1.275453448,0.197933227,0.883797407,0.950351477,0.265429258,1.117348671,1.357212067,1.78011322
1.865557551,1.889152884,2.678924322,2.209247351,2.301482439,3.206268787,1.478091359,0.992213786,0.95841527,1.208178401,2.205455065,3.299190521,0.798555374,1.586514354,2.480773687,1.79024744,2.002603292,3.430356979,1.723194361,5.338636398,1.504325986,3.063826323,1.538376927,2.293463945,2.228381395,0.379212886,1.668550134,1.635974884,0.473315477,2.075533152,2.530596972,3.197561026
2.583206415,2.68732214,3.356836796,2.885954857,3.203161001,4.458330631,2.047276974,1.369335294,1.382416844,1.719931602,3.137562752,4.634197235,1.110675693,2.21675539,3.240020037,2.466975451,2.778879166,4.690228939,2.405410528,6.931150436,2.064713478,4.040088654,2.06514287,3.229236603,3.131332397,0.547492027,2.376982689,2.205997944,0.641199052,2.937879086,3.577486753,4.382396221
3.248379707,3.426175117,3.946469784,3.506881475,4.004021645,5.615147114,2.539703131,1.710832357,1.778504848,2.188120604,3.998378277,5.826407909,1.409838796,2.802515745,3.906908751,3.05483222,3.518073797,5.766628265,3.017305613,8.094503403,2.574513197,4.87801218,2.537465572,4.087171078,3.986928463,0.705524385,3.025766134,2.721075058,0.781254649,3.737794161,4.530446053,5.414048195
3.882580042,4.12157917,4.500791073,4.102375984,4.724576473,6.683964252,2.974014282,2.030753374,2.151568174,2.621994495,4.803591251,6.907316685,1.702582598,3.360009909,4.526918411,3.579738855,4.225102901,6.713271618,3.578872204,8.962246895,3.055860996,5.6407094,2.979770422,4.888051987,4.797653198,0.85538739,3.627160072,3.206006527,0.901932716,4.493099213,5.408606529,6.341189384
4.495040894,4.783641815,5.036401272,4.681291103,5.377034187,7.671475887,3.364032745,2.336511135,2.505444288,3.028450251,5.562662125,7.899062157,1.990916014,3.896572828,5.117413998,4.059359074,4.901743889,7.56622982,4.102671623,9.62613678,3.519506931,6.357796669,3.402277946,5.643408298,5.565859795,0.998649895,4.190208912,3.671059608,1.009098887,5.213487625,6.223772049,7.193799019
5.089848518,5.418857098,5.558613777,5.24635601,5.969676018,8.583867073,3.720011711,2.632044554,2.8431499,3.412642002,6.28155756,8.817380905,2.275477171,4.415652752,5.68526268,4.50574398,5.549347401,8.349793434,4.596682549,10.14921665,3.970705986,7.043329239,3.809393883,6.35993433,6.293777943,1.136498213,4.721611977,4.120606899,1.106824398,5.904408455,6.983710289,7.990488529
5.668926239,6.031450748,6.069235802,5.798550606,6.50880003,9.426852226,4.049561977,2.919472218,3.167061567,3.778431416,6.964270115,9.673616409,2.556488991,4.918992996,6.233402729,4.927131653,6.169165611,9.080385208,5.066055775,10.57480431,4.412059784,7.704129696,4.203140259,7.04178381,6.983520985,1.269831061,5.226357937,4.556626797,1.197935343,6.569087505,7.693928242,8.742952347
6.23328495,6.624223232,6.568983078,6.338353634,6.999597073,10.20571041,4.35833931,3.199959278,3.479055166,4.128723145,7.61366415,10.47609425,2.834048271,5.407586098,6.763294697,5.329167843,6.762390614,9.769169807,5.514191628,10.93266773,4.844889164,8.343654633,4.584557056,7.691762447,7.637090683,1.399330735,5.708187103,4.980122089,1.28439343,7.209579945,8.358634949,9.458670616
6.783548832,7.199077606,7.0582304,6.866095543,7.446556568,10.92532063,4.650551796,3.474170446,3.780616522,4.46571064,8.231946945,11.23105145,3.108213186,5.882089615,7.275836468,5.715735435,7.330163956,10.42379951,5.943406582,11.2432642,5.2698946,8.963788033,4.954277039,8.311946869,8.256383896,1.52551651,6.169926643,5.391694069,1.367560387,7.827318668,8.981262207,10.14254856
7.320174694,7.757350922,7.537241936,7.382061005,7.853662968,11.59018993,4.929335117,3.742507219,4.072926044,4.791060925,8.820933342,11.94327831,3.379030228,6.343008041,7.771704674,6.089519501,7.873577118,11.0495739,6.355340481,11.52065754,5.687476635,9.565676689,5.312759399,8.904008865,8.843198776,1.648785472,6.613737106,5.791776657,1.448381543,8.423400879,9.564752579,10.79791641
7.84354496,8.300022125,8.006245613,7.886516571,8.224500656,12.20448208,5.197031498,4.005232811,4.356925964,5.106049061,9.382191658,12.61655235,3.646541595,6.790773869,8.25148201,6.452390194,8.393675804,11.65021801,6.751209259,11.77451611,6.097890377,10.15011692,5.660387516,9.469381332,9.399238586,1.769442201,7.04128933,6.18073082,1.527513146,8.998735428,10.11171532,11.42713356
8.35400486,8.827841759,8.465455055,8.379720688,8.56231308,12.77204418,5.455395699,4.262536049,4.633372784,5.411659718,9.917126656,13.25393486,3.910788298,7.225780964,8.715705872,6.805662155,8.891460419,12.22840023,7.131961346,12.01149082,6.501319885,10.71773624,5.997506618,10.00934982,9.926116943,1.887722015,7.453895569,6.55888176,1.605410933,9.554122925,10.62451839,12.03195858
8.851881027,9.341413498,8.915076256,8.861925125,8.870047569,13.29643154,5.705747128,4.514566422,4.9028759,5.708661556,10.42702961,13.85797596,4.17181015,7.648400784,9.164886475,7.150273323,9.367887497,12.78607845,7.498372555,12.23615837,6.897912979,11.26907444,6.324440956,10.5250988,10.42536354,2.003808022,7.852603436,6.926536083,1.682391405,10.09029579,11.1053381,12.61377239
9.337487221,9.841245651,9.355309486,9.333374023,9.150384903,13.78092861,5.949082375,4.761451721,5.165931702,5.997662067,10.91310215,14.43085575,4.429646492,8.058990479,9.599513054,7.486902714,9.823874474,13.32473087,7.851104736,12.45167065,7.287799358,11.80462456,6.641501427,11.01773643,10.89842701,2.117843628,8.238265991,7.283987999,1.758674383,10.60793972,11.5561924,13.17371464
9.811126709,10.32778358,9.786351204,9.794308662,9.405765533,14.22856998,6.186158657,5.003307343,5.42294693,6.279148102,11.37647533,14.97447872,4.684336662,8.457893372,10.02005768,7.816054821,10.26029682,13.84550953,8.1907444,12.66020203,7.671099186,12.32485104,6.948987484,11.48830986,11.34668159,2.229943037,8.611590385,7.631521702,1.834412575,11.10770607,11.97896194,13.71276951
10.27309418,10.80142975,10.2083931,10.24496269,9.638411522,14.64215851,6.417556286,5.240241051,5.674258232,6.553517342,11.81821823,15.49054146,4.935918331,8.845442772,10.42697716,8.138113022,10.67799568,14.34934425,8.517823219,12.86325264,8.047927856,12.83019733,7.247188568,11.93781281,11.77142715,2.340197325,8.97317791,7.969412804,1.909712076,11.59021854,12.37540245,14.23181438
10.72367859,11.26255608,10.62162304,10.68556595,9.850346565,15.02428532,6.643723965,5.472355843,5.920146942,6.821099758,12.2393465,15.98057938,5.184430122,9.221961975,10.82071304,8.453377724,11.07777309,14.83701134,8.832834244,13.06186199,8.418395042,13.32109261,7.536385059,12.36719322,12.17389679,2.448681355,9.32354641,8.29792881,1.984646797,12.0560751,12.7471571,14.73165035
11.16316032,11.71151161,11.02622509,11.11634159,10.04341507,15.37734413,6.865012646,5.699751377,6.160851479,7.082174778,12.64082432,16.44599915,5.429909229,9.587765694,11.20169258,8.762093544,11.46039867,15.30918026,9.136240959,13.25675106,8.78260994,13.79795074,7.816849232,12.77735233,12.5552597,2.555456638,9.663153648,8.617330551,2.059268236,12.5058527,13.09576607,15.21302509
11.59181309,12.1486311,11.42237949,11.53750992,10.21929646,15.70354557,7.081700802,5.922524452,6.396575451,7.336983204,13.02357101,16.88810158,5.672392368,9.943159103,11.57032871,9.064465523,11.8266077,15.76644325,9.428481102,13.44842339,9.140677452,14.26117325,8.088845253,13.16915131,12.91662216,2.660575151,9.99241066,8.927869797,2.133612156,12.94010735,13.42267036,15.67664242
12.00990391,12.57423306,11.81026268,11.94928455,10.37952042,16.0049324,7.29401207,6.140769005,6.627496719,7.585736275,13.38846111,17.30809975,5.911916256,10.28843784,11.92702103,9.36067009,12.17710495,16.20933914,9.709972382,13.63723183,9.492702484,14.71115112,8.352627754,13.54341316,13.2590332,2.76408124,10.31168938,9.229793549,2.20770359,13.359375,13.7292223,16.12317085
12.41769218,12.98862648,12.19004726,12.35187531,10.52548122,16.28339195,7.502130032,6.354577541,6.853770733,7.828623772,13.73632813,17.70712662,6.148517132,10.62388992,12.27215767,9.650864601,12.51256466,16.63836288,9.981114388,13.82342625,9.838786125,15.14826298,8.608445168,13.90092278,13.58348656,2.866014004,10.62133598,9.523340225,2.281559944,13.76417255,14.0166893,16.55324745
12.81543255,13.39210892,12.56190205,12.74548721,10.65844822,16.54067039,7.706208229,6.564040661,7.075536251,8.065817833,14.06796646,18.08625031,6.382230759,10.94979477,12.60611248,9.935192108,12.83363152,17.05397987,10.2422905,14.00718594,10.17902946,15.57287598,8.856538773,14.24243069,13.8909235,2.966408014,10.92167091,9.808742523,2.355193853,14.15499973,14.28625965,16.96748543
13.203372,13.78496933,12.92599297,13.1303196,10.77957821,16.77837563,7.906377792,6.769246578,7.292918205,8.297476768,14.38413334,18.44647789,6.613092422,11.26642513,12.92924786,10.21378708,13.1409235,17.4566288,10.49386787,14.18864059,10.51353073,15.9853487,9.097140312,14.56865215,14.18223763,3.065294504,11.21299744,10.08622646,2.428613663,14.5323391,14.53904819,17.36646843
13.58175278,14.16748905,13.28248215,13.50656986,10.889925,16.99799919,8.102751732,6.970281601,7.506031036,8.523747444,14.68555069,18.78876114,6.841136932,11.57404423,13.2419138,10.48677444,13.43503094,17.84672928,10.73620033,14.3678875,10.8423872,16.38602829,9.330476761,14.88027191,14.45827389,3.162702084,11.49560165,10.35601139,2.501825809,14.89665604,14.77609921,17.75076294
13.95080948,14.53994083,13.6315279,13.8744278,10.99044895,17.20091629,8.295431137,7.167230606,7.714980125,8.74477005,14.97290707,19.11399841,7.066398144,11.87290859,13.54444981,10.75427341,13.71652031,18.22467995,10.96962833,14.54500008,11.16569328,16.77525139,9.556768417,15.17794418,14.71983337,3.258657455,11.76975632,10.61831093,2.574834824,15.24839973,14.99839211,18.12090874
14.3107729,14.9025898,13.97328568,14.23408127,11.08202362,17.38839722,8.484507561,7.360176563,7.919863701,8.96067524,15.24685764,19.4230442,7.288910389,12.16326714,13.83718395,11.01639938,13.98593235,18.59086418,11.19447994,14.72003555,11.4835434,17.15334511,9.776226997,15.46229267,14.96767521,3.353185654,12.03572273,10.87333298,2.647643805,15.58800507,15.20684624,18.47742653
14.66186619,15.25569439,14.30790806,14.58571339,11.16544628,17.5616169,8.670063019,7.549201012,8.120773315,9.171589851,15.50802803,19.71670723,7.508707523,12.44536209,14.12043381,11.27326298,14.2437849,18.94565392,11.41106987,14.8930397,11.79602909,17.52062798,9.989058495,15.73391342,15.20251942,3.44631052,12.29375267,11.12127972,2.720255375,15.91588974,15.40232277,18.82081985
15.0043087,15.59950542,14.63554382,14.92950344,11.24144268,17.72165871,8.852174759,7.734383583,8.317796707,9.377635002,15.75701523,19.99575424,7.725821972,12.71942806,14.39450741,11.52497292,14.49057484,19.28940392,11.61970139,15.06405258,12.10324192,17.87740898,10.19546413,15.99337673,15.42504692,3.538054943,12.54408646,11.36234665,2.792671204,16.23245811,15.58563042,19.15157318
15.3383131,15.93426895,14.95633888,15.265625,11.31067371,17.86952591,9.030916214,7.915802479,8.511017799,9.57892704,15.99438667,20.26091576,7.940287113,12.98569489,14.65970135,11.77163315,14.72677708,19.62246132,11.82066822,15.23310661,12.40526962,18.22398949,10.39563656,16.2412262,15.63590431,3.628440619,12.78695774,11.59672546,2.864892721,16.5381012,15.75752544,19.47014999
15.6640873,16.26022148,15.27043629,15.59425068,11.3737421,18.00614548,9.206355095,8.09353447,8.700514793,9.775578499,16.22068405,20.51288223,8.152134895,13.24438381,14.91630363,12.01334572,14.95284462,19.94515991,12.01425076,15.40023136,12.70219994,18.56065941,10.58976555,16.47798157,15.83570385,3.717488766,13.02259159,11.82460117,2.93692112,16.83319664,15.91871929,19.77700043
15.98183441,16.57759666,15.57797527,15.91554642,11.43119621,18.1323719,9.378558159,8.267653465,8.886365891,9.967698097,16.43642426,20.75231171,8.361397743,13.49571037,15.16459179,12.25021172,15.16921329,20.25782204,12.20072079,15.56545353,12.99411964,18.88770294,10.7780323,16.70413971,16.02502441,3.805220127,13.25120449,12.04615402,3.008757353,17.11810875,16.06987762,20.07255554
16.29175186,16.88661957,15.87909317,16.2296772,11.48353577,18.24899673,9.547587395,8.438233376,9.06864357,10.15539265,16.64210129,20.97982788,8.568106651,13.73988438,15.4048357,12.48232746,15.3762989,20.5607605,12.38034058,15.72879887,13.28111267,19.20539665,10.9606142,16.92017555,16.20441628,3.89165473,13.4730072,12.26156044,3.080402136,17.39318848,16.21162605,20.35722923
16.59403229,17.18750954,16.17392349,16.53680038,11.53121567,18.35674858,9.713504791,8.60534668,9.247420311,10.33876514,16.83818245,21.19602585,8.772293091,13.97710896,15.63729668,12.70978928,15.57449913,20.85427856,12.55336094,15.89029026,13.56326294,19.51400566,11.13768291,17.12654114,16.37439919,3.976812363,13.68820381,12.47099018,3.151856422,17.65877342,16.34454918,20.63142395
16.88886452,17.48048019,16.4625988,16.83707428,11.57465076,18.45630455,9.876369476,8.769062996,9.422765732,10.51791668,17.02511597,21.40146637,8.973987579,14.20758247,15.86222553,12.93269062,15.7641964,21.13866997,12.72002411,16.04995155,13.84065151,19.81379128,11.30940533,17.32366943,16.53546906,4.060711861,13.89699173,12.67460918,3.223120689,17.91519356,16.46919823,20.89552498
17.17643166,17.76574135,16.74524689,17.13065147,11.61421967,18.54828644,10.03623867,8.929451942,9.59474659,10.69294357,17.20332909,21.59668541,9.173220634,14.43149662,16.07986832,13.15112305,15.94575405,21.414217,12.88056374,16.20780373,14.1133585,20.10500526,11.47594261,17.51197433,16.68809128,4.143372536,14.09956264,12.87257862,3.294195414,18.1627636,16.58608627,21.14990425
17.45691299,18.04349518,17.02199364,17.41768074,11.65026569,18.63327217,10.19316864,9.08658123,9.763429642,10.86394215,17.37322998,21.78219223,9.370022774,14.64903831,16.29045868,13.3651762,16.11952209,21.68119621,13.03520489,16.36386681,14.38146305,20.38789177,11.63745117,17.69185066,16.83270836,4.224812508,14.29610157,13.06505585,3.36508131,18.40179062,16.69569778,21.39492035
17.73048401,18.31394005,17.29296112,17.69830894,11.68310356,18.71179199,10.3472147,9.240516663,9.928878784,11.03100586,17.53520393,21.95846939,9.564422607,14.86038876,16.49422646,13.57493782,16.28583527,21.93987274,13.184165,16.51816368,14.64504337,20.66269112,11.79408264,17.86367607,16.96974182,4.305049896,14.48678875,13.2521925,3.435779095,18.63256836,16.7984848,21.6309166
17.99731445,18.57726669,17.55827141,17.97267723,11.71301746,18.7843399,10.4984293,9.391324043,10.09115696,11.19422531,17.68962097,22.12597656,9.756450653,15.06572342,16.6913929,13.78049374,16.44501305,22.19050598,13.32765198,16.67071342,14.90417576,20.92963219,11.94598484,18.02781105,17.09958839,4.384102821,14.67179871,13.43413734,3.506289005,18.85538101,16.89487267,21.85822678
18.25757027,18.83366394,17.81804276,18.24092674,11.74026871,18.85136795,10.64686584,9.539066315,10.25032616,11.35368919,17.83683586,22.28515053,9.946134567,15.26521492,16.88217163,13.98192883,16.59736061,22.43334579,13.46586704,16.82153702,15.15893459,21.18894196,12.09329987,18.18459892,17.22262573,4.461988926,14.85130024,13.61103344,3.576611757,19.07050514,16.98526001,22.07716942
18.51141167,19.08331299,18.0723896,18.5031929,11.7650938,18.91329765,10.79257584,9.683805466,10.40644646,11.50948334,17.97718239,22.43640518,10.13350391,15.4590292,17.06676865,14.17932606,16.74317169,22.66863441,13.59900379,16.97065353,15.40939426,21.44083595,12.23616695,18.33436966,17.33921051,4.538725376,15.02545738,13.78302193,3.646747828,19.27820396,17.07002068,22.28805161
18.75899887,19.32639313,18.32142639,18.75960922,11.78770924,18.9705162,10.93560886,9.825602531,10.55957603,11.66169357,18.11098099,22.58013535,10.3185873,15.64732742,17.24538612,14.37276554,16.88272667,22.89660645,13.72724915,17.11808205,15.65562725,21.6855278,12.37472057,18.47743607,17.44968033,4.614329338,15.1944294,13.95023823,3.716697693,19.47873497,17.14950562,22.49117088
19.00048637,19.56307602,18.56526375,19.01030731,11.80831146,19.02338219,11.07601452,9.964517593,10.70977211,11.81040192,18.23853874,22.71671486,10.50141144,15.830266,17.4182148,14.56232738,17.01629448,23.11748886,13.85078335,17.26384354,15.89770412,21.9232235,12.50909042,18.6140995,17.55435753,4.688817024,15.35837078,14.11281586,3.78646183,19.67234612,17.22404099,22.68681335
19.23602295,19.79352951,18.80401039,19.25541306,11.82707977,19.07222748,11.21384144,10.10060978,10.8570919,11.95568848,18.36014557,22.84649849,10.68200493,16.00799942,17.5854454,14.74808884,17.14413261,23.33150291,13.96977806,17.40795517,16.13569641,22.15412331,12.63940239,18.74464607,17.65354347,4.762205601,15.51743126,14.27088261,3.856040955,19.85927582,17.29393578,22.87525368
19.46575546,20.01791954,19.03777122,19.49505234,11.84417725,19.11735725,11.34913731,10.23393536,11.00159073,12.09763241,18.47607994,22.96982574,10.86039448,16.1806736,17.74725723,14.93012619,17.26648521,23.53886223,14.08440113,17.55043602,16.36967278,22.37842178,12.76578045,18.86934853,17.74752808,4.834510803,15.67175674,14.42456341,3.925435305,20.03975487,17.3594799,23.05675697
19.68982697,20.23640251,19.26665306,19.72934723,11.85975266,19.1590538,11.4819479,10.36455154,11.14332294,12.23631096,18.58660507,23.08701706,11.03660679,16.34843445,17.90382767,15.10851383,17.38358879,23.7397728,14.19481277,17.69130325,16.59969902,22.59630585,12.8883419,18.98847008,17.83658409,4.905748844,15.82148743,14.57398033,3.994645357,20.21400452,17.42094421,23.23157883
19.90837669,20.44913673,19.49075508,19.95841599,11.87394142,19.19757843,11.61231995,10.4925127,11.282341,12.37179852,18.69197464,23.19837761,11.21066856,16.5114193,18.05532455,15.2833252,17.49566841,23.9344368,14.30116844,17.83057785,16.82584381,22.80796051,13.0072031,19.10225868,17.92096901,4.975935459,15.96676064,14.71925163,4.063671589,20.3822403,17.47858238,23.39996529
20.12154198,20.65627289,19.71017838,20.18237686,11.88686657,19.23317146,11.74029732,10.61787319,11.41869736,12.50416851,18.79242897,23.30419922,11.38260651,16.66976547,18.20191383,15.45463181,17.60293961,24.12304688,14.40361595,17.96827698,17.048172,23.01356316,13.12247467,19.21095467,18.00092888,5.045086384,16.10770798,14.86049271,4.132514954,20.5446701,17.53263092,23.56215286
20.32945442,20.85795784,19.92502022,20.40134239,11.89864159,19.26605797,11.86592388,10.74068642,11.55244255,12.63349342,18.88819695,23.40475464,11.55244637,16.82360649,18.34375381,15.62250423,17.70560837,24.30579376,14.50229931,18.1044178,17.26674843,23.21328735,13.23426628,19.314785,18.07669449,5.113216877,16.24445915,14.99781513,4.201175213,20.70149422,17.5833149,23.71837044
20.53224373,21.05433464,20.13537598,20.61542511,11.90936852,19.29644203,11.98924351,10.86100292,11.68362713,12.75984287,18.979496,23.50030899,11.72021294,16.97306824,18.48099709,15.78701115,17.80387115,24.48285675,14.59735775,18.23901749,17.48163605,23.40730095,13.34268188,19.41396904,18.14848709,5.180341721,16.37714005,15.13132763,4.26965332,20.85290718,17.63084412,23.86883736
20.73003578,21.24554253,20.34133911,20.82473183,11.91913986,19.32451439,12.11029816,10.97887421,11.81229973,12.88328552,19.06653595,23.59110832,11.88593292,17.1182766,18.61379433,15.94822025,17.8979187,24.65441513,14.68892384,18.3720932,17.6928978,23.59576797,13.44782352,19.50871277,18.21651459,5.246475697,16.50587082,15.2611351,4.337949753,20.99909401,17.67541313,24.01376534
20.92295456,21.43171883,20.54300308,21.02937126,11.92804146,19.35045242,12.22912979,11.09434986,11.93850899,13.00388813,19.14951706,23.67739105,12.04963017,17.25935173,18.7422905,16.10619736,17.9879303,24.82063866,14.77712536,18.50366402,17.90059471,23.77884483,13.54979038,19.59921646,18.28097534,5.311634064,16.63076973,15.3873415,4.406064987,21.1402359,17.71720886,24.15335846
21.11112022,21.61299515,20.74045563,21.22944641,11.93615055,19.37441635,12.34577942,11.20747852,12.06230164,13.1217165,19.22862625,23.75938034,12.21132946,17.3964119,18.86662292,16.26100731,18.07408142,24.98169327,14.8620863,18.6337471,18.10478592,23.95668793,13.64867878,19.68566895,18.34205437,5.37583065,16.75194931,15.51004601,4.4739995,21.27650642,17.75640297,24.28781319
21.29464912,21.78950119,20.93378639,21.42505836,11.94353771,19.39655685,12.46028709,11.31830788,12.1837244,13.23683357,19.30404472,23.83729172,12.3710556,17.52957153,18.98692703,16.412714,18.1565361,25.13773918,14.94392586,18.76235771,18.30553055,24.12944603,13.74458122,19.76825142,18.39993095,5.439079762,16.86952209,15.62934589,4.541753769,21.40807533,17.79315567,24.41731834
21.4736557,21.96136284,21.1230793,21.61630821,11.95026779,19.41701317,12.57269192,11.42688465,12.30282211,13.34930229,19.37594604,23.91132545,12.52883244,17.65894127,19.10333252,16.56137848,18.23545265,25.2889328,15.02275848,18.88951302,18.50288773,24.2972641,13.83758736,19.84713745,18.45477104,5.501395226,16.98359299,15.74533653,4.609327793,21.53510284,17.82762146,24.54205704
21.64825249,22.12870216,21.30842018,21.80329323,11.95639896,19.43591499,12.68303204,11.53325462,12.41963959,13.45918369,19.44449234,23.9816761,12.6846838,17.78462982,19.21596718,16.70706367,18.31098366,25.4354248,15.0986948,19.01523018,18.69691467,24.46028328,13.92778587,19.92249298,18.50673676,5.562791348,17.0942688,15.85810852,4.676722527,21.65774727,17.85994148,24.66220284
21.8185463,22.29163742,21.48989296,21.98610687,11.96198368,19.45337868,12.7913456,11.63746262,12.5342207,13.5665369,19.50984001,24.04852676,12.83863354,17.9067421,19.32495308,16.84982681,18.38327408,25.57736206,15.17184162,19.13952446,18.8876667,24.61864281,14.0152607,19.99447632,18.55597687,5.623281002,17.20165062,15.9677515,4.743938446,21.77615738,17.89024925,24.7779274
21.98464394,22.45028496,21.66757584,22.16484261,11.96707153,19.46951294,12.89767075,11.7395525,12.64660835,13.67142105,19.57213974,24.11205292,12.99070454,18.02537918,19.43040848,16.98972893,18.45246315,25.71488571,15.24230003,19.26241112,19.07519913,24.77247429,14.10009384,20.06323624,18.60263443,5.682878017,17.30583382,16.07435226,4.810976028,21.89048195,17.91866875,24.88939095
22.14664841,22.60475731,21.84154892,22.33959198,11.97170639,19.48442078,13.00204277,11.83956718,12.75684452,13.77389145,19.63153267,24.17241859,13.14091969,18.14063835,19.53244591,17.12682533,18.51868248,25.84813309,15.31017017,19.38390732,19.25956726,24.92190742,14.18236542,20.1289196,18.64684486,5.741595745,17.40691566,16.17799568,4.877835751,22.00086021,17.94532013,24.99675179
22.3046608,22.75516319,22.01189041,22.51044464,11.97592831,19.49819374,13.10449791,11.93754959,12.86497021,13.87400436,19.68815613,24.2297802,13.28930187,18.25261879,19.6311779,17.26117325,18.58206177,25.9772377,15.37554646,19.50403023,19.44082451,25.06706619,14.26215267,20.19166183,18.68873596,5.799446583,17.50498962,16.27876282,4.944518089,22.1074295,17.97031212,25.1001606
22.45878029,22.90161133,22.1786747,22.67748642,11.97977448,19.51091957,13.20507145,12.03354073,12.97102547,13.97181416,19.74213791,24.28428841,13.43587303,18.36141205,19.72671127,17.39282799,18.64272118,26.10232735,15.43852139,19.6227932,19.61902237,25.20807457,14.33953094,20.25159645,18.72842979,5.856443882,17.60014343,16.37673569,5.011023045,22.21032143,17.99374771,25.19976234
22.60910225,23.04420471,22.34197617,22.84080315,11.98327827,19.52267647,13.30379868,12.12758064,13.07505035,14.06737423,19.79360199,24.33608437,13.5806551,18.46710777,19.81914902,17.52184486,18.70077896,26.223526,15.4991827,19.74021149,19.79421234,25.34505272,14.41457272,20.30884933,18.76604271,5.91260004,17.69246483,16.47198868,5.07735157,22.30966187,18.01572418,25.29569817
22.75572014,23.18304634,22.5018692,23.00047684,11.98647022,19.53353882,13.40071201,12.2197094,13.17708397,14.16073513,19.84266472,24.3853035,13.72367096,18.56979561,19.90859222,17.64827347,18.75634575,26.34095764,15.55761528,19.85630226,19.96644592,25.47811317,14.48734856,20.36353874,18.80168343,5.967927456,17.78203773,16.56459999,5.143504143,22.4055748,18.03633308,25.38810158
22.89872551,23.31823349,22.65842247,23.15658951,11.98937798,19.54357529,13.49584579,12.30996513,13.27716446,14.25194836,19.88943863,24.43207359,13.8649416,18.66956139,19.99513817,17.77216911,18.80952835,26.45473671,15.61390018,19.97107887,20.13577271,25.60737038,14.55792713,20.41578102,18.83545494,6.022438049,17.86894226,16.65464211,5.209481239,22.49817657,18.05565834,25.47710419
23.0382061,23.44986343,22.81170845,23.30921936,11.99202728,19.55284882,13.58923244,12.39838696,13.37532806,14.3410635,19.93403053,24.47651672,14.00448799,18.76648712,20.07888031,17.89357948,18.86042976,26.56497765,15.66811752,20.08455658,20.30224228,25.73293114,14.62637424,20.46568489,18.86745453,6.076144218,17.95326042,16.74218559,5.27528286,22.58758354,18.07378197,25.56282997
23.17425156,23.57802963,22.9617939,23.4584465,11.99444103,19.56141663,13.68090439,12.4850111,13.47161293,14.42812824,19.97654152,24.51874924,14.14233112,18.86065483,20.15990829,18.01255608,18.90914726,26.67179108,15.72034264,20.19675064,20.46590233,25.85490227,14.69275475,20.51335526,18.89777565,6.129057884,18.03506851,16.82729912,5.340909958,22.67390442,18.09077644,25.645401
23.30694389,23.70282173,23.10874557,23.60434532,11.99663925,19.56933212,13.7708931,12.56987476,13.56605434,14.51319027,20.01706886,24.55887985,14.27849197,18.95214272,20.23831177,18.12914848,18.95577431,26.77528381,15.77064896,20.30767632,20.62680054,25.97338486,14.75713062,20.5588913,18.92650795,6.181190491,18.11444092,16.91005135,5.40636301,22.75724602,18.10671234,25.72493172
23.43636703,23.82432938,23.25262833,23.7469902,11.99864197,19.5766468,13.85922909,12.65301418,13.65868759,14.59629536,20.05570602,24.59701538,14.41299152,19.04102707,20.31417465,18.24340248,19.00040054,26.87555695,15.81910706,20.41734505,20.78498268,26.08848,14.81956291,20.60238838,18.95373344,6.232553959,18.19145012,16.99050903,5.471642017,22.83771133,18.12165642,25.80153465
23.56260109,23.9426403,23.393507,23.88645363,12.00046635,19.58340454,13.94594288,12.73446369,13.749547,14.67748833,20.09254074,24.6332531,14.5458498,19.12738228,20.38758087,18.35536575,19.0431118,26.97271347,15.86578465,20.525774,20.94049644,26.20028496,14.88010979,20.64393997,18.97953033,6.283159256,18.26616669,17.06873322,5.536747932,22.91539955,18.13566971,25.87531853
23.68572426,24.05783844,23.53144455,24.02280617,12.0021286,19.58964729,14.03106403,12.81425762,13.83866692,14.75681305,20.12765694,24.66768837,14.67708683,19.21127892,20.45860863,18.46508598,19.0839901,27.06684875,15.91074753,20.63297653,21.0933857,26.3088932,14.93882847,20.68362999,19.00397491,6.333017826,18.33865929,17.14478683,5.601681232,22.99040794,18.14881134,25.94638634
23.80581284,24.17000389,23.666502,24.15611649,12.00364304,19.59541512,14.11462212,12.89242935,13.9260807,14.83431339,20.16113472,24.70040894,14.80672169,19.29278755,20.52733421,18.57260513,19.12311554,27.15805626,15.95405865,20.73896599,21.24369431,26.41439629,14.99577427,20.72154427,19.02713776,6.382140636,18.40899277,17.21873093,5.666441917,23.06282806,18.16113472,26.01483727
23.92294312,24.27921677,23.79873848,24.28645515,12.00502205,19.60074425,14.19664574,12.96901226,14.01182175,14.91003036,20.19305229,24.73150253,14.93477535,19.37197685,20.59383392,18.67796898,19.16056252,27.24642754,15.99577808,20.84375572,21.39146614,26.51688194,15.0510006,20.757761,19.04908562,6.430538177,18.47723389,17.29062271,5.731030941,23.13274765,18.17269135,26.08076859
24.03718758,24.38555717,23.92821503,24.41388702,12.00627899,19.60566902,14.27716255,13.04403877,14.09592056,14.98400497,20.22348022,24.76104927,15.06126595,19.44891357,20.65817833,18.78122139,19.1964016,27.33205032,16.03596497,20.94735909,21.53674507,26.61643791,15.1045599,20.79235649,19.06988144,6.478221416,18.54344177,17.36052132,5.795448303,23.20025444,18.1835289,26.14427376
24.14861679,24.4890976,24.05498886,24.53847504,12.0074234,19.61021805,14.35620117,13.11754036,14.17840958,15.05627823,20.25248909,24.78912544,15.18621254,19.52366066,20.720438,18.88240242,19.23070335,27.41501045,16.07467651,21.04979134,21.67957115,26.71314621,15.15650177,20.82540512,19.08958626,6.525201321,18.60767937,17.42848015,5.859694958,23.26543236,18.19369125,26.20544052
24.25729942,24.58991432,24.1791153,24.66028595,12.00846672,19.61442184,14.4337883,13.18954849,14.25931931,15.12688828,20.28014374,24.81580544,15.30963516,19.59627914,20.78068161,18.98155594,19.26353455,27.49539185,16.11196518,21.15106392,21.81998825,26.80709076,15.20687485,20.85697365,19.1082592,6.571487904,18.67000389,17.49455261,5.923770905,23.3283596,18.20322037,26.26435661
24.36330414,24.68807793,24.30064964,24.77937889,12.00941658,19.61830521,14.50995064,13.26009274,14.33868027,15.19587421,20.30650902,24.84115791,15.43155098,19.66683197,20.838974,19.078722,19.29495621,27.57327271,16.14788437,21.25119019,21.95803452,26.89834785,15.25572681,20.88712883,19.12595177,6.617091179,18.73047447,17.55879211,5.98767662,23.38911629,18.2121563,26.32110405
24.46669769,24.78365707,24.41964722,24.8958168,12.01028156,19.62189484,14.58471394,13.32920361,14.41652203,15.26327324,20.33164406,24.86524963,15.55197906,19.73537636,20.89537621,19.17394066,19.32502937,27.64873314,16.18248367,21.35018349,22.09375191,26.9869957,15.3031044,20.91593552,19.14271736,6.66202116,18.78914452,17.62125015,6.051413059,23.44777489,18.22053719,26.37576103
24.56754303,24.87672234,24.53615952,25.00965691,12.01107025,19.62520981,14.65810394,13.39690971,14.49287319,15.32912159,20.35560608,24.88814163,15.67093754,19.80196953,20.94995117,19.26725006,19.35381317,27.72184753,16.21581078,21.44805717,22.22717857,27.07310867,15.34905148,20.94345284,19.15860367,6.706288338,18.84606743,17.68197441,6.114980221,23.50440979,18.22839546,26.42840767
24.66590309,24.96733665,24.65023994,25.12095833,12.01178837,19.62827301,14.73014641,13.46323967,14.56776237,15.39345455,20.37845039,24.90989494,15.78844452,19.8666687,21.00275803,19.35868835,19.38136101,27.79268837,16.24791336,21.54482269,22.35835266,27.15675926,15.39361095,20.96973801,19.17365646,6.749902248,18.90129471,17.74101448,6.178378582,23.55908966,18.23576355,26.47911644
24.76184082,25.05556679,24.7619381,25.22977638,12.01244259,19.63110352,14.80086613,13.52822113,14.64121819,15.45630741,20.4002285,24.93056679,15.90451717,19.92952538,21.05385399,19.44829369,19.4077282,27.86132622,16.2788372,21.64049339,22.48731422,27.23801804,15.4368248,20.99484634,19.18791962,6.792872429,18.95487785,17.79841614,6.24160862,23.61188316,18.24267387,26.52795792
24.85541344,25.14147568,24.87130356,25.33616829,12.01303864,19.63371849,14.87028694,13.59188175,14.71326733,15.5177145,20.4209919,24.95021057,16.01917267,19.99059296,21.10329437,19.53610229,19.43296432,27.92782974,16.30862427,21.73508263,22.6140995,27.31695366,15.47873402,21.01883125,19.20143509,6.835208416,19.00686646,17.85422516,6.304670811,23.66285515,18.24915314,26.57500076
24.94668007,25.22512245,24.97838593,25.44018745,12.01358128,19.6361351,14.93843269,13.65424919,14.78393745,15.5777092,20.44078636,24.96887589,16.13242912,20.04992294,21.15113449,19.62215042,19.45711708,27.99226379,16.33731651,21.82860184,22.73874474,27.39363289,15.51937771,21.04174232,19.21424103,6.876919746,19.0573082,17.90848541,6.367565632,23.71206665,18.25522995,26.62031174
25.03569794,25.30656815,25.08323288,25.54188728,12.01407623,19.6383667,15.00532722,13.7153492,14.85325432,15.63632298,20.45965767,24.98661232,16.24430466,20.10756493,21.19742393,19.7064743,19.48023415,28.05469513,16.3649559,21.92106247,22.86128616,27.46812057,15.55879402,21.06362724,19.22637558,6.91801548,19.10624695,17.96124077,6.43029356,23.75958061,18.26092911,26.66395569
25.12252235,25.38587189,25.1858902,25.64131737,12.01452637,19.64042854,15.07099342,13.77520657,14.92124462,15.69358826,20.47764778,25.00346756,16.35481453,20.16356659,21.2422142,19.78910637,19.50235939,28.11518478,16.39157867,22.01247597,22.98176003,27.54047775,15.59702015,21.08453369,19.23787498,6.958504677,19.15372849,18.01253319,6.492855072,23.80545425,18.2662735,26.70599365
25.20720863,25.46308708,25.28640366,25.73853111,12.01493645,19.64233398,15.13545322,13.833848,14.98793316,15.74953651,20.49479866,25.01948357,16.46397591,20.21797371,21.28555298,19.87008286,19.52353477,28.17379379,16.41722298,22.10285568,23.10020065,27.61076546,15.63409233,21.10450363,19.24876976,6.998396397,19.19979668,18.06240082,6.555250168,23.8497448,18.2712841,26.74648285
25.28980827,25.53827095,25.38481903,25.8335762,12.01531029,19.64409447,15.19872952,13.89129734,15.05334473,15.80419731,20.51115036,25.0347023,16.57180405,20.27083206,21.32748795,19.94943619,19.54380226,28.23057938,16.44192505,22.19221306,23.21664238,27.67904472,15.6700449,21.12357903,19.25909424,7.037699223,19.24449348,18.11088562,6.617479801,23.89250755,18.27598381,26.78548241
25.37037277,25.6114769,25.48118019,25.92650223,12.01565075,19.64572144,15.26084423,13.94757938,15.11750412,15.85760117,20.52673912,25.04916382,16.67831802,20.32218742,21.36806297,20.02719879,19.5632,28.28560066,16.46572113,22.28055954,23.33111954,27.74537086,15.70491123,21.14180183,19.26887703,7.076422215,19.28786087,18.15802574,6.679544449,23.93379402,18.28038979,26.82304573
25.44895172,25.68275642,25.5755291,26.01735497,12.01596069,19.64722443,15.3218174,14.00271702,15.18043518,15.90977573,20.54159927,25.06290627,16.78353119,20.37207985,21.40732384,20.10340118,19.58176422,28.33891106,16.48864174,22.36790657,23.44366455,27.8098011,15.73872471,21.1592083,19.27814674,7.114573479,19.32993698,18.20385742,6.741444111,23.9736557,18.2845211,26.85922623
25.52559471,25.75215912,25.66790771,26.10618019,12.01624393,19.64861298,15.38167095,14.05673409,15.2421608,15.96075058,20.55576706,25.07596588,16.88746071,20.42055321,21.4453125,20.17807579,19.59953308,28.39056396,16.51072121,22.45426369,23.55430984,27.87238884,15.77151775,21.17583656,19.28693008,7.152161598,19.37075996,18.2484169,6.803179741,24.01214218,18.28839684,26.89407539
25.60034752,25.81973457,25.758358,26.19302559,12.01650143,19.64989662,15.44042587,14.10965347,15.30270481,16.01055145,20.5692749,25.08837509,16.99012184,20.46764755,21.48207092,20.25125313,19.616539,28.44060898,16.53198814,22.53964424,23.66308784,27.93318748,15.80332088,21.19171906,19.29525375,7.189195156,19.41036797,18.29174042,6.864751339,24.04930115,18.29203033,26.92764091
25.67325974,25.88553238,25.84692001,26.27793312,12.01673603,19.65108299,15.49810123,14.16149712,15.36209011,16.05920792,20.58215141,25.10016632,17.09152985,20.51340103,21.51763916,20.32296371,19.63281631,28.4890995,16.55247498,22.62405968,23.77003098,27.99224663,15.83416367,21.20689201,19.30314064,7.225682259,19.44879723,18.3338623,6.926159382,24.08517647,18.29543686,26.95997238
25.74437523,25.94959831,25.9336319,26.36094666,12.01694965,19.65217781,15.55471802,14.21228695,15.42033863,16.10674477,20.59442711,25.11137199,17.19169998,20.55785179,21.55205345,20.39323807,19.64839363,28.53608131,16.5722084,22.70751953,23.87516785,28.04961777,15.86407471,21.22138596,19.31061363,7.261630535,19.48608208,18.37481499,6.987404346,24.11981392,18.29863167,26.99111366
25.81373787,26.01197815,26.01853371,26.44211006,12.0171442,19.65319061,15.61029434,14.26204491,15.47747135,16.15318871,20.6061306,25.12202072,17.29064751,20.60103798,21.58535385,20.46210289,19.66330338,28.5816021,16.59121704,22.79003525,23.97853088,28.10534859,15.89308262,21.2352314,19.31769371,7.297048569,19.52225685,18.4146328,7.04848671,24.15325546,18.30162811,27.02110672
25.88139153,26.07271767,26.10166359,26.52146339,12.01732159,19.65412521,15.66485023,14.31079102,15.53351021,16.19856262,20.61728859,25.13213921,17.38838768,20.64299583,21.61757469,20.52958679,19.67757416,28.62570763,16.60952759,22.87161636,24.0801506,28.15948486,15.92121506,21.24845695,19.32440376,7.331943989,19.55735397,18.45334435,7.109406948,24.18554306,18.30443764,27.04999733
25.94737816,26.13185883,26.18305779,26.59904671,12.01748371,19.65498924,15.71840477,14.35854626,15.58847618,16.24289322,20.62792587,25.14175415,17.48493576,20.68375969,21.64875221,20.59571838,19.69123268,28.66844177,16.62716484,22.95227432,24.18005371,28.21207428,15.94849777,21.26108932,19.33076096,7.366324425,19.59140587,18.49098206,7.170165539,24.21671677,18.30707359,27.07782364
26.01173973,26.18944168,26.26275253,26.67490005,12.01763058,19.65578651,15.77097511,14.40533161,15.64239025,16.28620338,20.63806725,25.15089035,17.5803051,20.72336197,21.67891884,20.66052437,19.70430374,28.7098465,16.64415359,23.03202057,24.27827072,28.2631588,15.97495651,21.27315712,19.33678436,7.400197029,19.62444496,18.52757645,7.230762959,24.24681473,18.30954361,27.1046257
26.07451439,26.2455101,26.34078217,26.74906158,12.01776505,19.65652466,15.82258034,14.4511652,15.69527245,16.32851791,20.6477356,25.1595726,17.67451096,20.76183701,21.7081089,20.72403145,19.71681404,28.74996376,16.66051865,23.11086464,24.37483025,28.31278419,16.00061607,21.28468513,19.34249306,7.433569908,19.65649986,18.56315422,7.291199684,24.27587318,18.31186104,27.13044167
26.13574219,26.30010223,26.41718292,26.82156754,12.01788712,19.65720558,15.87323761,14.496068,15.74714184,16.36985779,20.6569519,25.16782188,17.76756668,20.79921722,21.73635292,20.78626442,19.72878838,28.78883362,16.67628288,23.18881607,24.46976089,28.36099052,16.02550125,21.29569626,19.3479023,7.466450214,19.68760109,18.5977459,7.351475716,24.30393028,18.31403351,27.15530777
26.19546127,26.35325813,26.49198914,26.89245796,12.0179987,19.65783501,15.92296505,14.54005814,15.79801846,16.4102478,20.66573906,25.17566109,17.85948753,20.83553505,21.76368141,20.84724998,19.74024963,28.82649612,16.69146729,23.2658844,24.56308937,28.40781784,16.04963493,21.30621529,19.35302734,7.498845577,19.71777534,18.63137817,7.411592007,24.33101845,18.31607056,27.17925835
26.25370979,26.40501595,26.56523323,26.9617672,12.01809978,19.65841675,15.97177887,14.58315372,15.84792042,16.44970894,20.67411613,25.18311119,17.95028687,20.87081909,21.79012489,20.90701294,19.7512188,28.86298752,16.70609474,23.34208107,24.65484238,28.4533062,16.07304001,21.3162632,19.35788345,7.530762672,19.74705124,18.66407585,7.471548557,24.35717201,18.31798172,27.20232582
26.31052208,26.45541191,26.63694763,27.02952957,12.01819229,19.65895462,16.01969719,14.62537384,15.89686775,16.48826218,20.6821022,25.19018936,18.03997803,20.90509796,21.81571198,20.96557808,19.76171684,28.89834404,16.72018433,23.41741562,24.74504852,28.49749374,16.09573746,21.32586098,19.36248589,7.562208652,19.77545547,18.69586754,7.531345844,24.3824234,18.31977272,27.22454453
26.36593437,26.50448036,26.70716476,27.09578133,12.01827621,19.65945053,16.06673431,14.66673565,15.94487762,16.5259285,20.68971634,25.19691658,18.12857437,20.93840218,21.84046936,21.02296829,19.77176476,28.93260002,16.73375702,23.49189758,24.8337307,28.54041862,16.11775017,21.3350296,19.36684608,7.59319067,19.80301476,18.72677612,7.590984821,24.40680313,18.32145309,27.24594498
26.419981,26.55225754,26.77591515,27.16055489,12.01835251,19.6599102,16.11290741,14.70725632,15.99196815,16.56272697,20.6969738,25.20330811,18.21608925,20.97075844,21.86442566,21.07920837,19.78138161,28.9657917,16.74682999,23.5655365,24.92091751,28.58211517,16.13909912,21.34378815,19.3709774,7.623715401,19.82975388,18.75682831,7.650465488,24.43034172,18.32302856,27.26655769
26.4726963,26.59877777,26.8432312,27.22388458,12.01842213,19.66033363,16.15823364,14.74695396,16.03815651,16.59867859,20.70389366,25.20938301,18.30253601,21.00219345,21.88760567,21.13432121,19.79058647,28.99795151,16.7594223,23.63834381,25.00663185,28.62261963,16.15980339,21.35215378,19.37489319,7.65378952,19.85569763,18.78604698,7.709788322,24.45306778,18.32450676,27.28641319
26.5241127,26.64407349,26.90914154,27.28580093,12.01848602,19.66072464,16.20272636,14.7858448,16.08346176,16.63380432,20.71049118,25.21515465,18.38792801,21.03273392,21.91003418,21.1883297,19.79939461,29.02910995,16.77155304,23.71032715,25.09090042,28.66196632,16.17988205,21.36014557,19.37860298,7.683419704,19.88086891,18.81445503,7.768953323,24.47500992,18.32589149,27.30553627
26.57426262,26.68817711,26.97367477,27.34633636,12.0185442,19.66108704,16.24640274,14.82394505,16.12789917,16.66812134,20.71677971,25.22064018,18.47227859,21.06240463,21.93173599,21.24125481,19.80782509,29.05929947,16.78323746,23.78149605,25.17374611,28.70018768,16.19935417,21.36777878,19.38211823,7.712612629,19.9052906,18.84207344,7.827961445,24.49619484,18.3271904,27.32395554
26.62317657,26.73112106,27.03686142,27.40552139,12.01859665,19.66142082,16.28927612,14.8612709,16.1714859,16.70164871,20.72277451,25.22585106,18.55559921,21.0912323,21.9527359,21.29311943,19.81589508,29.08855057,16.79449272,23.85185814,25.25519371,28.73731613,16.21823883,21.37507057,19.38544846,7.741374969,19.92898369,18.868927,7.886812687,24.51664734,18.32840919,27.34169769
26.67088509,26.77293396,27.09872818,27.46338654,12.01864529,19.66172981,16.33136368,14.89783859,16.21423912,16.73440552,20.72849083,25.23080444,18.63790321,21.1192379,21.97305489,21.34394264,19.82361794,29.11689186,16.80533409,23.92142487,25.33526802,28.77338409,16.23655319,21.38203621,19.38860512,7.769712925,19.95197296,18.89503479,7.945508003,24.53639412,18.3295517,27.35878563
26.71741867,26.81364632,27.15930367,27.51996231,12.01868916,19.66201591,16.37267685,14.93366241,16.25617218,16.76640892,20.73394012,25.23550987,18.71920204,21.14644623,21.99271584,21.39374733,19.83100891,29.14435196,16.81577682,23.99020386,25.41399002,28.80842018,16.25431442,21.38869095,19.39159584,7.797632217,19.9742775,18.92041779,8.004047394,24.55545998,18.33062363,27.37524605
26.76280594,26.85328674,27.21861458,27.57527542,12.01872921,19.66227913,16.4132328,14.96875858,16.29730415,16.79767609,20.73913574,25.2399826,18.79950905,21.17288208,22.01173973,21.44255447,19.83808327,29.17095947,16.82583618,24.05820465,25.49138451,28.84245491,16.27153969,21.39504623,19.39443016,7.825139523,19.99591827,18.94509697,8.062431335,24.5738678,18.3316288,27.39109993
26.80707359,26.89188385,27.27668762,27.62935448,12.01876545,19.66252327,16.45304298,15.0031414,16.33764839,16.82822418,20.74408913,25.24423218,18.87883568,21.19856453,22.03014755,21.49038315,19.84485435,29.1967392,16.83552742,24.12543678,25.56747246,28.87551689,16.28824425,21.40111732,19.39711571,7.852241039,20.01691437,18.96909142,8.120660782,24.59164047,18.33257103,27.40637016
26.85025024,26.92946625,27.33354759,27.68222809,12.01879883,19.66274834,16.49212265,15.03682518,16.37722015,16.85806847,20.74880981,25.24827003,18.95719528,21.22351646,22.04795837,21.53725243,19.85133553,29.22171593,16.84486198,24.19190788,25.64227676,28.90763283,16.30444527,21.40691757,19.39966011,7.87894249,20.03728485,18.9924202,8.178735733,24.60879898,18.33345413,27.42107773
26.8923645,26.96605873,27.38922119,27.73392296,12.01882935,19.66295624,16.53048515,15.06982422,16.4160347,16.8872261,20.75331116,25.25210762,19.0345974,21.24775887,22.06519127,21.58318138,19.85753822,29.24591637,16.85385323,24.25762749,25.71581841,28.93882942,16.3201561,21.41245842,19.402071,7.905250072,20.0570488,19.01510239,8.236656189,24.62536621,18.33428192,27.43524361
26.93343925,27.00168991,27.44373131,27.78446388,12.018857,19.66314888,16.56814194,15.10215282,16.45410538,16.91571236,20.75760269,25.25575447,19.11105537,21.27131081,22.08186722,21.62819099,19.86347389,29.26936531,16.8625145,24.32260323,25.78811836,28.96913528,16.335392,21.41775131,19.404356,7.93116951,20.07622528,19.03715515,8.294423103,24.64136124,18.33505821,27.44888878
26.97350311,27.03638268,27.49710464,27.83387756,12.0188818,19.66332626,16.60510826,15.13382435,16.49144745,16.94354439,20.76169395,25.25921822,19.18658066,21.29419136,22.09800148,21.67229843,19.86915588,29.29208374,16.87085724,24.38684273,25.85919762,28.99857521,16.35016823,21.42280579,19.40652084,7.956706047,20.09482956,19.05859566,8.352036476,24.65680504,18.33578682,27.46203232
27.01257896,27.07016182,27.54936218,27.8821888,12.01890469,19.6634903,16.64139557,15.16485214,16.52807426,16.97073555,20.76559448,25.2625103,19.26118469,21.31642151,22.11361313,21.71552086,19.87459373,29.31409645,16.8788929,24.45035553,25.92907715,29.02717209,16.36449814,21.42763519,19.40857124,7.981865883,20.11288071,19.07944107,8.409497261,24.67171478,18.33646965,27.47469139
27.0506916,27.10305214,27.60052872,27.92942238,12.01892567,19.66364098,16.6770153,15.19524956,16.56399918,16.9973011,20.7693119,25.26563835,19.33487701,21.33801842,22.12871933,21.75787735,19.87979889,29.33542442,16.88663483,24.51315117,25.99777794,29.05495262,16.37839508,21.43224716,19.41051483,8.006654739,20.13039398,19.09970856,8.466805458,24.68610954,18.33711052,27.48688507
27.08786583,27.13507652,27.65062714,27.9756031,12.01894474,19.66378021,16.71198082,15.22502899,16.59923744,17.0232563,20.77285767,25.26861191,19.40767097,21.35900116,22.14333725,21.79938316,19.88478088,29.35609055,16.89409065,24.57523537,26.06531906,29.08193779,16.39187241,21.43665314,19.41235542,8.031077385,20.14738655,19.11941338,8.523961067,24.70000839,18.33771133,27.49862862
27.12412453,27.16625786,27.69968033,28.02075386,12.01896191,19.66390991,16.74630547,15.25420284,16.63380051,17.0486145,20.77623749,25.27143669,19.47957611,21.3793869,22.15748024,21.84005737,19.88954926,29.37611389,16.90127373,24.63661766,26.1317215,29.10815239,16.40494347,21.44086266,19.41410065,8.055139542,20.16387367,19.13857079,8.580965042,24.71342659,18.338274,27.5099411
27.15948868,27.19661903,27.74770927,28.06489754,12.01897717,19.66403008,16.77999878,15.28278351,16.66770172,17.07338905,20.779459,25.27412033,19.55060387,21.39919281,22.17116547,21.87991714,19.89411163,29.39551353,16.90819168,24.69730377,26.19700241,29.1336174,16.41761971,21.44488335,19.41575432,8.078846931,20.1798687,19.15719795,8.637817383,24.72638321,18.33880234,27.52083588
27.19398308,27.22618103,27.79473495,28.10805702,12.01899147,19.6641407,16.81307411,15.31078339,16.70095444,17.09759331,20.78252983,25.27667046,19.62076569,21.41843414,22.18440819,21.91897774,19.89847946,29.41431046,16.91485596,24.75730515,26.26118279,29.15835381,16.42991257,21.44872475,19.41732025,8.102204323,20.19538879,19.17530823,8.694519043,24.7388916,18.33929825,27.53133011
27.2276268,27.25496483,27.84077835,28.1502533,12.01900482,19.66424179,16.845541,15.33821487,16.7335701,17.12124062,20.78545761,25.2790947,19.69007111,21.43712807,22.19722176,21.95725441,19.90265846,29.43252182,16.92127609,24.8166275,26.32427979,29.18238258,16.4418354,21.45239449,19.41880417,8.125216484,20.2104454,19.19291496,8.751070023,24.75096893,18.33976364,27.54143906
27.26044083,27.28299141,27.88586044,28.19150925,12.01901627,19.66433525,16.8774128,15.36508846,16.76556206,17.14434433,20.78824997,25.28139877,19.75852966,21.45528984,22.20961952,21.99476433,19.90666008,29.45016861,16.92745972,24.87527847,26.38631058,29.20572472,16.45339775,21.45589828,19.42020988,8.147889137,20.22505379,19.21003342,8.807471275,24.76262856,18.34019852,27.55117416
27.29244614,27.31028175,27.93000221,28.23184395,12.01902676,19.66442299,16.90869904,15.3914156,16.79694176,17.16691589,20.79091072,25.28358841,19.8261528,21.47293472,22.22161484,22.03152275,19.91048813,29.46726608,16.93341637,24.93326569,26.44729614,29.22839928,16.46461105,21.45924568,19.42154312,8.170227051,20.23922729,19.22667694,8.863722801,24.77388573,18.34060669,27.5605526
27.32366371,27.33685303,27.97322083,28.27128029,12.01903629,19.6645031,16.93941116,15.41720772,16.82772064,17.18896866,20.79344749,25.28566933,19.89295197,21.49007797,22.23322296,22.06754303,19.91415215,29.48383141,16.93915367,24.99059677,26.50725174,29.25042534,16.47548485,21.46244431,19.42280579,8.192235947,20.25297928,19.24285889,8.9198246,24.78475571,18.34099007,27.5695858
27.35411263,27.3627243,28.01553726,28.30983734,12.01904488,19.66457748,16.96955872,15.44247532,16.85791016,17.21051407,20.79586601,25.28764534,19.95893478,21.50673294,22.24445343,22.10284233,19.91765976,29.49988174,16.94468117,25.04727936,26.56619644,29.27182198,16.48603058,21.46549988,19.42400169,8.21391964,20.26632309,19.25859261,8.975777626,24.79524994,18.34134865,27.57828522
27.38381004,27.38791466,28.0569706,28.34753418,12.01905346,19.66464615,16.99915314,15.46722984,16.88752174,17.23156357,20.798172,25.28952408,20.0241127,21.52291489,22.2553215,22.13743401,19.92101669,29.51543236,16.95000458,25.10331917,26.62414551,29.29260635,16.49625778,21.46841812,19.42513657,8.235283852,20.27926826,19.27388954,9.031582832,24.80538177,18.34168625,27.5866642
27.41277695,27.41244316,28.0975399,28.38438988,12.01906109,19.66470909,17.02820396,15.49148083,16.91656494,17.2521286,20.80037117,25.29130936,20.08849525,21.53863525,22.26583672,22.17133141,19.92423058,29.53050041,16.95513344,25.15872574,26.6811161,29.31279564,16.50617599,21.47120476,19.4262104,8.256332397,20.29182816,19.28876114,9.087239265,24.81516457,18.34200287,27.5947361
27.44102859,27.43632507,28.13726234,28.42042351,12.01906776,19.66476822,17.05672073,15.51523972,16.9450531,17.27222061,20.80246735,25.29300499,20.15209198,21.5539093,22.27601242,22.20454979,19.92730522,29.54509926,16.96007347,25.21350479,26.7371254,29.33240891,16.51579475,21.47386742,19.42722893,8.277070045,20.30401421,19.30322075,9.142747879,24.82460976,18.34229851,27.60251045
27.46858406,27.45957947,28.17615509,28.45565414,12.01907444,19.66482162,17.08471298,15.53851509,16.97299576,17.29185104,20.80446625,25.2946167,20.21491241,21.56874847,22.28585815,22.23710251,19.93024826,29.55924416,16.96483231,25.26766396,26.79219055,29.35146141,16.5251236,21.47641182,19.42819405,8.297501564,20.31583786,19.31727982,9.198109627,24.83372879,18.34257698,27.6099987
27.49546051,27.4822216,28.21423531,28.49009895,12.01908016,19.66487122,17.11219215,15.56131744,17.00040245,17.31102943,20.80637169,25.2961483,20.27696609,21.58316422,22.29538345,22.26900101,19.93306541,29.57295036,16.96941566,25.32121086,26.84632492,29.36996841,16.53417015,21.47884178,19.42910767,8.317631721,20.32730865,19.33094788,9.253324509,24.84253311,18.34283829,27.61721039
27.52167511,27.50426865,28.25152016,28.5237751,12.01908493,19.66491699,17.13916588,15.58365631,17.02728462,17.32976532,20.80818748,25.29760361,20.33826256,21.59716988,22.30460167,22.30026054,19.93576241,29.58622932,16.97383118,25.37415123,26.89954567,29.38794708,16.54294395,21.48116302,19.4299736,8.337465286,20.33843803,19.34423637,9.308392525,24.85103416,18.34308243,27.62415695
27.54724503,27.52573395,28.28802681,28.55669975,12.0190897,19.66496086,17.1656456,15.60554123,17.05365372,17.34807205,20.80991936,25.29898643,20.39881134,21.6107769,22.31352043,22.33089447,19.93834305,29.5990963,16.97808456,25.42649269,26.95186996,29.40541077,16.55145264,21.48337936,19.43079376,8.357006073,20.34923744,19.35715675,9.363314629,24.85924149,18.34331131,27.63084793
27.57218361,27.54663467,28.32377052,28.58889008,12.01909447,19.66500092,17.19163895,15.62698174,17.07951736,17.36595726,20.81156921,25.3003006,20.45862198,21.62399673,22.32215118,22.36091423,19.94081306,29.61156273,16.98218155,25.47824287,27.00331116,29.42237473,16.55970573,21.48549652,19.43157196,8.376257896,20.35971451,19.36971855,9.41809082,24.86716461,18.34352684,27.63729286
27.59650803,27.56698608,28.35876846,28.62036324,12.01909828,19.66503716,17.21715355,15.64798641,17.1048851,17.38343048,20.81314278,25.30154991,20.5177021,21.63684082,22.33050156,22.39033127,19.94317627,29.62364197,16.98612785,25.5294075,27.0538826,29.43885422,16.56770897,21.48752022,19.4323082,8.395225525,20.36988068,19.3819313,9.4727211,24.87481499,18.34372902,27.64349937
27.62023354,27.58680153,28.39303589,28.65113449,12.0191021,19.66507149,17.24220085,15.66856384,17.12976837,17.40050125,20.81464386,25.30273628,20.57606125,21.6493187,22.33858109,22.41915894,19.94543839,29.63534546,16.9899292,25.57999229,27.10360146,29.45486259,16.57546997,21.48945236,19.43300629,8.413913727,20.37974358,19.39380646,9.527206421,24.88220215,18.34391785,27.64947891
27.64337349,27.60609627,28.42658806,28.6812191,12.01910496,19.66510201,17.26678848,15.68872356,17.1541748,17.41717911,20.81607437,25.30386353,20.63370895,21.6614418,22.34639931,22.44740868,19.94760323,29.64668465,16.99359131,25.63000488,27.15248108,29.47041321,16.58299637,21.49129868,19.43366814,8.432326317,20.38931274,19.40535164,9.581547737,24.88933372,18.34409523,27.6552372
27.66594315,27.62488174,28.45944023,28.71063232,12.01910782,19.66513062,17.29092407,15.70847321,17.17811394,17.43347359,20.81743813,25.30493546,20.69065285,21.67321968,22.35396385,22.47509193,19.94967651,29.65767097,16.997118,25.67945099,27.20053673,29.48551941,16.59029579,21.49306107,19.43429565,8.45046711,20.39859772,19.41657639,9.635745049,24.89621925,18.34426117,27.66078377
27.68795776,27.64317322,28.49160576,28.73938942,12.01911068,19.66515732,17.31461525,15.72782135,17.20159531,17.44939423,20.81873703,25.30595398,20.74690247,21.68466187,22.36128426,22.50222015,19.95166016,29.66831589,17.00051498,25.72833824,27.24777985,29.50019455,16.59737587,21.49474525,19.43489075,8.46833992,20.40760612,19.42749023,9.689798355,24.90286636,18.34441757,27.66612625
27.70942879,27.66098404,28.5230999,28.76750565,12.01911354,19.66518211,17.33787155,15.74677658,17.22462654,17.46494865,20.81997681,25.30692101,20.80246544,21.6957798,22.36836624,22.52880478,19.95355797,29.67862892,17.00378799,25.77667236,27.29422569,29.51445007,16.60424232,21.49635506,19.43545341,8.485948563,20.4163456,19.43810081,9.743707657,24.90928459,18.34456444,27.67127228
27.73037148,27.67832565,28.553936,28.79499435,12.01911545,19.665205,17.36070061,15.76534653,17.24721718,17.4801445,20.82115746,25.30784035,20.8573494,21.70658112,22.37521935,22.55485535,19.95537567,29.68862152,17.00694084,25.82445908,27.33988762,29.52829742,16.61090088,21.49789238,19.43598747,8.503297806,20.42482567,19.44841766,9.797473907,24.91548157,18.34470177,27.67622948
27.75079727,27.69521141,28.58412743,28.8218708,12.01911736,19.66522598,17.38311195,15.78353882,17.26937485,17.4949913,20.82228279,25.30871391,20.91156387,21.71707535,22.3818512,22.58038521,19.95711517,29.69830322,17.00997734,25.87170601,27.38477898,29.54174805,16.61735916,21.49936104,19.43649292,8.520390511,20.43305206,19.4584465,9.851098061,24.92146492,18.34482956,27.68100357
27.77072144,27.71165276,28.61368942,28.84814644,12.01911926,19.66524506,17.40511131,15.80136108,17.29110909,17.50949669,20.82335663,25.30954361,20.9651165,21.72727013,22.38826752,22.60540199,19.95878029,29.70768547,17.01290131,25.91841888,27.42891312,29.55481529,16.62362099,21.50076294,19.43697166,8.537231445,20.44103432,19.46819878,9.904579163,24.92724037,18.34494972,27.68560219
27.7901535,27.72766113,28.64263344,28.87383652,12.01912117,19.66526222,17.42670631,15.81882095,17.31242561,17.52366829,20.82438087,25.31033134,21.01801491,21.73717499,22.39447594,22.62991714,19.96037292,29.71677589,17.01571846,25.96460152,27.47230339,29.5675087,16.62969398,21.5021019,19.43742561,8.553823471,20.44877815,19.47768021,9.957918167,24.93281746,18.34506226,27.69003105
27.80910683,27.74324799,28.67097473,28.89895439,12.01912308,19.66527939,17.44790459,15.83592606,17.33333397,17.53751373,20.82535744,25.31108093,21.07026863,21.74679756,22.40048218,22.65394211,19.9618969,29.72558212,17.01843262,26.01026154,27.51496124,29.5798378,16.63558388,21.50338173,19.43785477,8.570170403,20.4562912,19.48689842,10.01111603,24.9382019,18.34516907,27.69429779
27.82759285,27.75842476,28.69872284,28.92351151,12.01912403,19.66529465,17.46871376,15.85268402,17.35384369,17.55104065,20.82628822,25.31179237,21.1218853,21.75614738,22.40629387,22.67748451,19.96335602,29.7341156,17.02104759,26.05540657,27.55689812,29.59181595,16.64129639,21.50460434,19.43826294,8.586276054,20.46358109,19.49586105,10.06417274,24.94340134,18.34526825,27.69840622
27.84562492,27.7732029,28.72589302,28.94752121,12.01912498,19.665308,17.48914146,15.86910152,17.37396049,17.56425667,20.82717514,25.31246948,21.17287064,21.76523018,22.41191864,22.7005558,19.9647522,29.74238396,17.02356529,26.10004044,27.59812737,29.60345078,16.64683533,21.50577164,19.43864822,8.602144241,20.47065353,19.50457382,10.11708832,24.94842148,18.34536171,27.70236397
27.86321259,27.78759193,28.75249481,28.97099495,12.01912594,19.66532135,17.50919342,15.88518524,17.39369202,17.57716751,20.8280201,25.31311226,21.22323418,21.77405548,22.41736031,22.7231636,19.96608925,29.75039482,17.02599144,26.14416885,27.63866234,29.61475372,16.65220833,21.50688744,19.43901443,8.617778778,20.47751617,19.51304626,10.1698637,24.95326805,18.34544945,27.70617676
27.88036537,27.80160141,28.77854156,28.99394608,12.01912689,19.66533279,17.52887726,15.90094185,17.41304588,17.58978081,20.8288269,25.31372261,21.27298355,21.78262901,22.4226265,22.74531937,19.96736908,29.75815582,17.02832794,26.18779755,27.67851257,29.62573242,16.6574192,21.50795364,19.43936157,8.633182526,20.48417473,19.5212822,10.22249889,24.95794678,18.34553146,27.7098484
27.89709663,27.81524277,28.80404472,29.01638412,12.01912785,19.66534424,17.5481987,15.91637802,17.43202782,17.60210419,20.82959557,25.31430244,21.32212639,21.7909584,22.42772102,22.76703072,19.9685936,29.7656765,17.03057861,26.23093224,27.71768951,29.63639832,16.66247177,21.50897217,19.43968964,8.648358345,20.49063492,19.52929115,10.27499485,24.96246338,18.34560776,27.71338463
27.91341591,27.82852554,28.82901573,29.03832245,12.0191288,19.66535378,17.56716537,15.93150043,17.45064735,17.61414528,20.83032799,25.31485367,21.37066841,21.79905128,22.43265152,22.78830719,19.96976471,29.77296257,17.03274727,26.27358055,27.75620651,29.64675903,16.66737175,21.50994492,19.44000053,8.663311005,20.49690247,19.53707695,10.32735062,24.96682549,18.34568024,27.71679115
27.92933273,27.84145927,28.85346413,29.05977058,12.01912975,19.66536331,17.58578491,15.94631577,17.46891022,17.6259079,20.83102608,25.31537819,21.41861916,21.80691338,22.4374218,22.80915642,19.97088623,29.78002167,17.03483582,26.3157444,27.7940731,29.6568222,16.67212486,21.51087379,19.44029617,8.678042412,20.50298309,19.54464722,10.3795681,24.97103691,18.34574699,27.72007179
27.94485664,27.85405159,28.87740326,29.08073997,12.01913071,19.66537285,17.60406113,15.96082973,17.48682404,17.63739967,20.83169174,25.31587601,21.46598434,21.81455231,22.44203758,22.82958794,19.97196007,29.78686142,17.03684807,26.35743141,27.83130074,29.66659927,16.67673302,21.51176071,19.44057655,8.692556381,20.50888252,19.55200768,10.43164635,24.97510338,18.34580994,27.72323227
27.95999908,27.86631203,28.90084267,29.10124207,12.01913166,19.66538048,17.62200165,15.97504902,17.50439453,17.64862823,20.83232689,25.31634903,21.51277161,21.8219738,22.44650459,22.84960938,19.97298813,29.79348946,17.03878593,26.39864731,27.86789894,29.67609596,16.68120193,21.51260757,19.44084167,8.706856728,20.51460648,19.55916405,10.48358631,24.9790287,18.34586906,27.7262764
27.97476768,27.87825012,28.92379189,29.12128639,12.01913261,19.66538811,17.63961411,15.98897934,17.52162933,17.6595974,20.83293152,25.31679916,21.55898666,21.82918358,22.45082664,22.86923027,19.97397232,29.7999115,17.04065323,26.43939781,27.90388107,29.68532181,16.68553734,21.51341629,19.44109344,8.720945358,20.52016068,19.56612015,10.53538895,24.9828186,18.34592438,27.72920799
27.98917198,27.8898735,28.94626236,29.1408844,12.01913261,19.66539574,17.65690231,16.00262642,17.53853416,17.67031479,20.83350945,25.31722641,21.60463905,21.83618736,22.45500755,22.88845634,19.97491264,29.80613327,17.04245186,26.47968674,27.93925476,29.69428253,16.68974113,21.51418877,19.44133186,8.734826088,20.52554893,19.57288361,10.58705425,24.9864769,18.34597588,27.73203278
28.00322151,27.90119171,28.96826363,29.16004562,12.01913261,19.66540146,17.6738739,16.01599503,17.55511475,17.68078613,20.83405876,25.31763268,21.6497345,21.84299278,22.45905304,22.90729713,19.97581291,29.8121624,17.04418373,26.51951981,27.97403145,29.70298767,16.69381714,21.51492691,19.44155693,8.748501778,20.53077698,19.57946014,10.63858223,24.99000931,18.34602547,27.73475266
28.01692581,27.91221237,28.98980522,29.1787796,12.01913261,19.66540718,17.69053268,16.02909279,17.5713768,17.69101715,20.83458328,25.31801796,21.69427872,21.84960365,22.46296883,22.92576027,19.97667503,29.8180027,17.04585266,26.55890083,28.00822258,29.71144485,16.69777107,21.51563263,19.44177055,8.761976242,20.53585052,19.58585358,10.68997288,24.99341965,18.34607124,27.73737144
28.03029251,27.92294312,29.01089668,29.19709587,12.01913261,19.6654129,17.70688629,16.04192352,17.58732796,17.70101166,20.83508301,25.31838417,21.73827934,21.8560276,22.46675682,22.94385338,19.97750092,29.8236618,17.04745865,26.59783745,28.04183578,29.71965981,16.70160484,21.51630592,19.44197273,8.775251389,20.54077148,19.59206963,10.74122715,24.99671364,18.34611511,27.73989487
28.04332924,27.93339157,29.03154755,29.21500397,12.01913261,19.66541862,17.72293854,16.05449486,17.60297394,17.71077728,20.83555984,25.31873322,21.781744,21.86226845,22.47042274,22.96158409,19.97829056,29.82914543,17.04900742,26.63633347,28.07488251,29.72764015,16.70532417,21.51695061,19.44216347,8.788331032,20.54554749,19.59811401,10.792346,24.99989319,18.34615517,27.74232483
25.9666996,25.930336,25.56661034,26.49066734,9.498620987,15.96318626,16.12472343,14.96131897,16.61779213,16.43944359,18.48558235,21.76665497,20.92072296,20.11780167,19.45726013,21.00580978,17.66204834,26.02073097,15.17329121,20.42925262,26.41212273,26.10741806,14.9128952,19.03496933,16.89143753,8.405350685,18.78258514,17.70328712,10.31247044,22.76826477,15.63176918,24.18443871
24.33733177,24.17516327,23.71371651,24.8311348,7.41616869,13.25289059,14.79798222,14.09444809,15.71654224,15.31328201,16.42553711,18.72099876,20.26997566,18.70119476,17.51585388,19.4154911,15.9745636,22.97889137,13.60554504,16.03474998,25.1306591,23.61526871,13.63567448,16.93122482,14.98575401,8.055487633,17.21757507,16.3377533,9.947546005,20.85486031,13.28503513,21.3517971
22.91413116,22.58846855,22.37727737,23.49445534,5.612811565,10.74877071,13.67479515,13.35202503,14.88330364,14.29888153,14.56173515,16.05128479,19.68762779,17.44643402,16.00068092,18.07872009,14.4227047,20.46413422,12.24249554,12.8869257,24.04128456,21.6700592,12.5855341,15.06024075,13.18001556,7.73143816,15.80507088,15.20326138,9.662491798,19.13302994,11.19128895,18.98429871
21.59558296,21.12015343,21.21699142,22.26896477,4.011090755,8.435141563,12.70484829,12.68061066,14.10560989,13.37139988,12.84049797,13.66714764,19.13068199,16.28047371,14.67011642,16.9193573,12.94497776,18.31616783,11.02003765,10.59700298,23.05255699,20.00131798,11.64417839,13.34490776,11.46897793,7.427697659,14.51173496,14.1785078,9.432958603,17.53596306,9.285401344,16.92308617
20.3386898,19.73848915,20.12693214,21.09397316,2.569981337,6.297511101,11.85085773,12.05211258,13.37368774,12.51234436,11.23044777,11.50559998,18.58607101,15.17088699,13.43320656,15.88556671,11.53155327,16.42756271,9.898188591,8.897883415,22.12021255,18.48282623,10.76275826,11.74365807,9.847675323,7.140113831,13.31305218,13.2138958,9.242046356,16.02802086,7.529109955,15.0708189
19.12499237,18.42326736,19.07390785,19.95178413,1.265066266,4.322491169,11.0851841,11.4517107,12.6798687,11.70792484,9.712663651,9.52236557,18.0497818,14.10300922,12.25522327,14.942029,10.17887878,14.72618294,8.851826668,7.606059074,21.22275925,17.05535698,9.920837402,10.23343468,8.311400414,6.865551949,12.190938,12.28889465,9.078023911,14.58981895,5.898806095,13.36754036
17.94632339,17.16150475,18.04729843,18.83694649,0.079782985,2.497712374,10.38732624,10.87153149,12.01812363,10.94783783,8.275213242,7.685972691,17.52054405,13.0699482,11.12243652,14.06464672,8.884252548,13.16345119,7.864995956,6.595448494,20.34969521,15.69080448,9.109605789,8.800849915,6.855695248,6.601641655,11.13199711,11.39476395,8.932748795,13.21046352,4.378955364,11.77603054
16.79884529,15.94475746,17.04349899,17.7475071,-0.998464525,0.811745584,9.742066383,10.30734253,11.38370514,10.22436428,6.910113335,5.973732948,16.99791908,12.06822109,10.02897358,13.23694992,7.645172596,11.70652676,6.927397251,5.779419422,19.49582672,14.37553024,8.325022697,7.437597275,5.476333618,6.346588612,10.12625504,10.52754974,8.800570488,11.88350582,2.958543301,10.27290249
15.68054295,14.76743126,16.06108284,16.68251801,-1.980058432,-0.745968759,9.138097763,9.756817818,10.7728653,9.531700134,5.611635208,4.368998528,16.48171806,11.09584713,8.971915245,12.44765472,6.459254265,10.33308315,6.032230377,5.098441124,18.65852165,13.1026268,7.565011024,6.138066292,4.169312477,6.099030495,9.16623497,9.685251236,8.677564621,10.60483837,1.629152775,8.84319973
14.59017277,13.62572479,15.09931183,15.64132595,-2.873977184,-2.185186863,8.567009926,9.218632698,10.18263912,8.865462303,4.375364304,2.859293461,15.97183037,10.15151596,7.949468613,11.68899918,5.324216843,9.027822495,5.174865246,4.511602402,17.83638573,11.86833096,6.828308105,4.898104191,2.930837393,5.857931137,8.246285439,8.866668701,8.561008453,9.371598244,0.383919299,7.477113724
13.52682877,12.51696968,14.15766239,14.62336826,-3.688189983,-3.514922857,8.022535324,8.691987991,9.610669136,8.22232151,3.197672844,1.435038567,15.46816921,9.234221458,6.960283756,10.95562077,4.237877369,7.780148029,4.352023125,3.990782738,17.02862549,10.67035389,6.113997459,3.714370251,1.75731349,5.622499466,7.362089157,8.07093811,8.449011803,8.181594849,-0.783040941,6.16798687
12.48975182,11.43921375,13.2356863,13.62811756,-4.429864407,-4.743505001,7.499994278,8.176362991,9.055075645,7.599730492,2.07542491,0.088680468,14.97065544,8.343103409,6.00319767,10.2437849,3.198146582,6.582612991,3.56127286,3.516648293,16.2347393,9.507106781,5.42131567,2.583997488,0.645334542,5.392127991,6.510307312,7.2973423,8.340262413,7.033011913,-1.876947761,4.911102295
11.47825718,10.39096165,12.3329649,12.65506554,-5.105489731,-5.878628254,6.995881557,7.671382427,8.514351845,6.995724201,1.005810261,-1.185904026,14.47921371,7.477376938,5.077138901,9.550867081,2.203024387,5.429884434,2.800719738,3.075901747,15.45436668,8.37734127,4.749574184,1.504415989,-0.408327192,5.166348934,5.688318729,6.545232773,8.233849525,5.92425108,-2.902535677,3.702945232
10.49169827,9.37101078,11.44909286,11.70371628,-5.720959187,-6.92740202,6.507563114,7.176751614,7.987281799,6.408769608,-0.013750891,-2.393815517,13.99376965,6.636302471,4.181089878,8.874998093,1.250597239,4.318050861,2.068814039,2.659393787,14.68722057,7.279981613,4.098125935,0.473258018,-1.406730056,4.94479847,4.894030571,5.81400013,8.1291399,4.853849888,-3.864158154,2.540755987
9.529453278,8.378349304,10.58367538,10.77358532,-6.281633854,-7.896395206,6.033049583,6.692219257,7.472877979,5.837655544,-0.985662639,-3.539412737,13.5142498,5.819170475,3.314074039,8.214824677,0.339033157,3.244160175,1.364232183,2.260823965,13.93304825,6.214046001,3.466352463,-0.511692762,-2.352772236,4.727191925,4.125740528,5.103059292,8.025694847,3.820439339,-4.765851498,1.422255397
8.590920448,7.412092209,9.736327171,9.864199638,-6.792394638,-8.791676521,5.570830345,6.217558861,6.970331669,5.281411648,-1.912186265,-4.626504421,13.0405817,5.025296688,2.475149155,7.569344044,-0.53342092,2.20591116,0.685803652,1.875849485,13.19161606,5.178610325,2.853657007,-1.452529907,-3.249199629,4.513303757,3.382035017,4.411845207,7.923208714,2.822718859,-5.611375809,0.34547919
8.580552101,7.400906563,9.736327171,9.864199638,-6.425392151,-8.55845356,5.529337883,6.160496712,6.917526722,5.231840611,-1.884530306,-4.588539124,13.01547623,4.986948967,2.454448462,7.536355972,-0.525699794,2.20591116,0.674646616,1.875849485,13.19161606,5.178603649,2.814943314,-1.433805466,-3.188724756,4.467793941,3.349728107,4.369296074,7.923208714,2.806484222,-5.473417759,0.344484746
8.570196152,7.389737606,9.736327171,9.864199638,-6.078219414,-8.331417084,5.488154411,6.10395813,6.865121841,5.182734966,-1.857274294,-4.550885201,12.99041939,4.948894024,2.43392086,7.503511906,-0.518090427,2.20591116,0.663671136,1.875849485,13.19161606,5.178596973,2.776754856,-1.415322423,-3.129375458,4.422742844,3.317729712,4.327157021,7.923208714,2.790342808,-5.338851452,0.343493193
8.5598526,7.378585339,9.736327171,9.864199638,-5.749804974,-8.110404015,5.447278023,6.047938824,6.813114166,5.134090424,-1.830412507,-4.513540268,12.96541119,4.911129475,2.413565159,7.47081089,-0.510591209,2.20591116,0.652874172,1.875849485,13.19161606,5.178590298,2.739084482,-1.39707768,-3.071130753,4.378146172,3.286036968,4.285424709,7.923208714,2.774294376,-5.207593441,0.342504472
8.549521446,7.367450237,9.736327171,9.864199638,-5.439135075,-7.895253658,5.406705856,5.992433548,6.761500359,5.085902214,-1.803939223,-4.476501942,12.94045067,4.873652935,2.393379688,7.438252449,-0.503200531,2.20591116,0.642252862,1.875849485,13.19161606,5.178583622,2.701925278,-1.379068136,-3.013970137,4.333999157,3.254647017,4.244094849,7.923208714,2.758338213,-5.079562187,0.341518611
8.53920269,7.356331825,9.736327171,9.864199638,-5.145251274,-7.685810566,5.366436005,5.937437534,6.710277557,5.038166523,-1.77784884,-4.439767361,12.91553879,4.836462498,2.373363018,7.405836105,-0.495916843,2.20591116,0.631804347,1.875849485,13.19161606,5.178576946,2.66527009,-1.361290693,-2.957873344,4.290297031,3.223556995,4.203163624,7.923208714,2.742473841,-4.954679012,0.340535581
8.528896332,7.345230103,9.736327171,9.864199638,-4.867246151,-7.48192358,5.326466084,5.882946491,6.659442902,4.990878582,-1.752135754,-4.403334141,12.89067459,4.799555779,2.353513718,7.373560905,-0.488738596,2.20591116,0.621525824,1.875849485,13.19161606,5.178570271,2.629112244,-1.34374249,-2.902820587,4.247035503,3.192763805,4.16262722,7.923208714,2.726700783,-4.832865715,0.339555383
8.518602371,7.334145069,9.736327171,9.864199638,-4.604262352,-7.283445358,5.286793709,5.828955173,6.608993053,4.944034576,-1.7267946,-4.367199898,12.86585808,4.762930393,2.333830357,7.341426373,-0.48166424,2.20591116,0.611414492,1.875849485,13.19161606,5.178563595,2.593444824,-1.326420426,-2.848792553,4.204210281,3.162264824,4.122481346,7.923208714,2.711018324,-4.714047432,0.338578016
8.508320808,7.323076725,9.736327171,9.864199638,-4.355487823,-7.090232372,5.247416973,5.775459766,6.558925629,4.897630215,-1.701820016,-4.331362247,12.84108925,4.726584911,2.314311743,7.30943203,-0.474692285,2.20591116,0.601467669,1.875849485,13.19161606,5.178556919,2.558261395,-1.309321761,-2.795770168,4.161817074,3.13205719,4.082722664,7.923208714,2.695425987,-4.598150253,0.33760345
8.498051643,7.31202507,9.736327171,9.864199638,-4.120154858,-6.902144909,5.208333492,5.722455025,6.509237289,4.851661682,-1.677206635,-4.295818806,12.8163681,4.690516472,2.294956207,7.277576923,-0.46782124,2.20591116,0.591682673,1.875849485,13.19161606,5.178550243,2.523555279,-1.292443514,-2.743734598,4.119851112,3.102138042,4.043347836,7.923208714,2.679923534,-4.485102654,0.336631685
8.487794876,7.300990105,9.736327171,9.864199638,-3.897537231,-6.71904707,5.169541359,5.669936657,6.459925652,4.80612421,-1.652949214,-4.260567188,12.79169464,4.654723167,2.275762558,7.245860577,-0.461049676,2.20591116,0.58205688,1.875849485,13.19161606,5.178543568,2.48932004,-1.275782824,-2.692667484,4.078308582,3.072504759,4.00435257,7.923208714,2.66451025,-4.374834538,0.335662723
8.477550507,7.289971828,9.736327171,9.864199638,-3.686948061,-6.540806293,5.131037712,5.617900372,6.410987377,4.761014462,-1.629042625,-4.225604534,12.76706886,4.619203091,2.256729603,7.214282513,-0.454376101,2.20591116,0.572587669,1.875849485,13.19161606,5.178536892,2.45554924,-1.259336829,-2.642550945,4.037184715,3.043154478,3.96573329,7.923208714,2.649185419,-4.267277241,0.334696561
8.467318535,7.278970242,9.736327171,9.864199638,-3.487737179,-6.367293835,5.092821121,5.566341877,6.362420082,4.716328144,-1.605481744,-4.190928936,12.74249077,4.583954334,2.237855673,7.182842255,-0.447799146,2.20591116,0.563272536,1.875849485,13.19161606,5.178530216,2.422236443,-1.243102908,-2.5933671,3.996475697,3.014084578,3.92748642,7.923208714,2.633948803,-4.162364483,0.333733171
8.457098961,7.267985344,9.736327171,9.864199638,-3.299289942,-6.198384285,5.054889202,5.515256405,6.314220428,4.672060966,-1.582261682,-4.15653801,12.7179594,4.548974514,2.219139576,7.151538849,-0.441317379,2.20591116,0.554108918,1.875849485,13.19161606,5.17852354,2.389375687,-1.227078199,-2.545098782,3.956176996,2.985292435,3.889608622,7.923208714,2.618799925,-4.060030937,0.332772553
8.446891785,7.257017136,9.736327171,9.864199638,-3.121024847,-6.033955574,5.017239571,5.464639664,6.266386032,4.628209591,-1.559377432,-4.122429371,12.69347572,4.514261723,2.20058012,7.120371819,-0.43492943,2.20591116,0.545094371,1.875849485,13.19161606,5.178516865,2.356960773,-1.21126008,-2.497728825,3.9162848,2.956775427,3.852096081,7.923208714,2.60373807,-3.960213184,0.331814706
8.436697006,7.24606514,9.736327171,9.864199638,-2.952391624,-5.873888493,4.979870319,5.414487362,6.218914032,4.584769726,-1.536824107,-4.088600636,12.66903877,4.479813576,2.182175875,7.089340687,-0.428633958,2.20591116,0.536226511,1.875849485,13.19161606,5.178510189,2.324985504,-1.195645928,-2.45124054,3.876794815,2.928530693,3.814945221,7.923208714,2.58876276,-3.862849474,0.330859601
8.426514626,7.235129833,9.736327171,9.864199638,-2.792869806,-5.718067646,4.942779541,5.364795685,6.171801567,4.541737556,-1.514597058,-4.055049419,12.64464855,4.445628166,2.163925409,7.0584445,-0.422429591,2.20591116,0.527502894,1.875849485,13.19161606,5.178503513,2.293443918,-1.180233002,-2.405617476,3.83770299,2.900555849,3.778152704,7.923208714,2.573873758,-3.767879486,0.329907238
8.416344643,7.224211216,9.736327171,9.864199638,-2.641967297,-5.566380501,4.905964851,5.315559864,6.125046253,4.499109268,-1.492691398,-4.021773338,12.62030602,4.411703587,2.14582777,7.027683258,-0.416315049,2.20591116,0.518921196,1.875849485,13.19161606,5.178496838,2.262330294,-1.165018797,-2.36084342,3.79900527,2.872848272,3.741714954,7.923208714,2.559070349,-3.675244331,0.328957617
8.406187057,7.213308811,9.736327171,9.864199638,-2.499218225,-5.418717384,4.869424343,5.266776085,6.078645229,4.456881046,-1.471102595,-3.988770485,12.59601021,4.37803793,2.127881289,6.997056007,-0.410289019,2.20591116,0.510479093,1.875849485,13.19161606,5.178490162,2.231638908,-1.150000691,-2.316902876,3.760697842,2.84540534,3.705628633,7.923208714,2.544352055,-3.584886789,0.328010738
8.396040916,7.202423096,9.736327171,9.864199638,-2.364181995,-5.274971485,4.833156109,5.218440056,6.032595634,4.415049076,-1.449826002,-3.956038475,12.57176113,4.344629288,2.110085011,6.966562271,-0.404350191,2.20591116,0.502174377,1.875849485,13.19161606,5.178483486,2.201363802,-1.135176182,-2.273780107,3.722776651,2.81822443,3.669890404,7.923208714,2.529718399,-3.496750593,0.3270666
8.385907173,7.191553593,9.736327171,9.864199638,-2.236442089,-5.135038853,4.797158241,5.170547485,5.986894608,4.37361002,-1.428857207,-3.923574924,12.54755878,4.311475754,2.092437506,6.936201572,-0.398497343,2.20591116,0.494004726,1.875849485,13.19161606,5.17847681,2.171499491,-1.120542765,-2.231459856,3.685237885,2.791303158,3.634496927,7.923208714,2.515168905,-3.410781384,0.326125175
8.375785828,7.180700779,9.736327171,9.864199638,-2.115604162,-4.998817921,4.761428356,5.123094559,5.941539764,4.332559586,-1.408191681,-3.891377926,12.52340317,4.278574944,2.074937582,6.905972958,-0.392729223,2.20591116,0.485967994,1.875849485,13.19161606,5.178470135,2.142040253,-1.106097937,-2.18992734,3.648077726,2.764639139,3.599444628,7.923208714,2.500703096,-3.326925755,0.325186461
8.36567688,7.169864178,9.736327171,9.864199638,-2.00129509,-4.866210938,4.725964546,5.076076984,5.896528721,4.291894436,-1.387825012,-3.859445095,12.49929333,4.245925426,2.057584047,6.87587595,-0.387044579,2.20591116,0.478062004,1.875849485,13.19161606,5.178463459,2.112980604,-1.091839314,-2.149167776,3.611292124,2.738229752,3.564730406,7.923208714,2.486320496,-3.245131731,0.32425043
8.35558033,7.159043789,9.736327171,9.864199638,-1.89316237,-4.737121582,4.690764904,5.029490948,5.851858616,4.251611233,-1.36775291,-3.827774286,12.47523022,4.213524818,2.04037571,6.845910072,-0.381442219,2.20591116,0.470284641,1.875849485,13.19161606,5.178456783,2.0843153,-1.077764511,-2.109166861,3.574877501,2.712072849,3.530350924,7.923208714,2.472020626,-3.165348768,0.323317111
8.345495224,7.148239613,9.736327171,9.864199638,-1.790872216,-4.611456871,4.655827522,4.983332634,5.807527065,4.211706161,-1.347971082,-3.796363354,12.45121384,4.181371689,2.023311377,6.816074848,-0.375920951,2.20591116,0.462633789,1.875849485,13.19161606,5.178450108,2.056038857,-1.063871145,-2.069910526,3.538830042,2.68616581,3.496303082,7.923208714,2.457803011,-3.087527275,0.322386473
8.335422516,7.137452126,9.736327171,9.864199638,-1.694108963,-4.489125729,4.621150494,4.937597752,5.763531208,4.172175407,-1.328475356,-3.765210152,12.42724323,4.149463654,2.006389618,6.786369801,-0.370479614,2.20591116,0.455107421,1.875849485,13.19161606,5.178443432,2.028146029,-1.050156951,-2.031384706,3.503146172,2.660506248,3.462583542,7.923208714,2.443667173,-3.011619091,0.321458519
8.325362206,7.126680851,9.736327171,9.864199638,-1.602573991,-4.370039463,4.586731434,4.892282486,5.71986866,4.133015633,-1.30926156,-3.734312534,12.40331936,4.117799282,1.989609361,6.756793976,-0.365117043,2.20591116,0.447703481,1.875849485,13.19161606,5.178436756,2.000631571,-1.036619544,-1.99357605,3.467822075,2.635091782,3.429189205,7.923208714,2.429612637,-2.937577009,0.320533216
8.315314293,7.115925789,9.736327171,9.864199638,-1.515984774,-4.254112244,4.552568913,4.847383022,5.676537037,4.094223499,-1.290325761,-3.703668594,12.37944126,4.086376667,1.972969532,6.727347374,-0.359832078,2.20591116,0.440420002,1.875849485,13.19161606,5.17843008,1.973490357,-1.02325666,-1.956471086,3.432854176,2.609920025,3.396116972,7.923208714,2.415638924,-2.865355253,0.319610596
8.305277824,7.105186939,9.736327171,9.864199638,-1.434074044,-4.141260624,4.518660545,4.802896023,5.633533478,4.05579567,-1.271663785,-3.673275948,12.35560894,4.055193901,1.956468821,6.698029041,-0.354623616,2.20591116,0.433255017,1.875849485,13.19161606,5.178423405,1.946717381,-1.010066032,-1.920056701,3.398238897,2.584988594,3.363363743,7.923208714,2.401745558,-2.794909239,0.318690628
8.295253754,7.094464302,9.736327171,9.864199638,-1.356589079,-4.031402588,4.485004902,4.758817196,5.590855598,4.017728329,-1.253271699,-3.643132925,12.3318224,4.024249077,1.940106153,6.668838501,-0.349490553,2.20591116,0.426206589,1.875849485,13.19161606,5.178416729,1.920307636,-0.997045398,-1.88432014,3.363972664,2.560295343,3.330926418,7.923208714,2.387932062,-2.726195097,0.317773312
8.285242081,7.083757877,9.736327171,9.864199638,-1.283290744,-3.924458742,4.451600075,4.715142727,5.548501015,3.980018377,-1.235145688,-3.613237143,12.30808163,3.993540287,1.923880339,6.639775276,-0.344431788,2.20591116,0.41927284,1.875849485,13.19161606,5.178410053,1.894256115,-0.98419261,-1.849248648,3.330051899,2.535838127,3.298801899,7.923208714,2.37419796,-2.659170389,0.316858619
8.275241852,7.073067665,9.736327171,9.864199638,-1.21395278,-3.820351839,4.418444157,4.671869278,5.506467342,3.942662239,-1.217281818,-3.583586693,12.28438663,3.963065863,1.907790184,6.610838413,-0.339446247,2.20591116,0.412451893,1.875849485,13.19161606,5.178403378,1.868558049,-0.971505523,-1.814829946,3.296473265,2.511614561,3.266987324,7.923208714,2.360543013,-2.593793392,0.315946579
8.265254021,7.062393665,9.736327171,9.864199638,-1.148361206,-3.719006777,4.385534763,4.628993034,5.464752197,3.905656815,-1.199676275,-3.554179668,12.26073742,3.932823896,1.891834617,6.582027912,-0.334532857,2.20591116,0.4057419,1.875849485,13.19161606,5.178396702,1.843208671,-0.958981991,-1.781051874,3.263233185,2.487622261,3.235479355,7.923208714,2.346966505,-2.530023813,0.315037161
8.255278587,7.051735401,9.736327171,9.864199638,-1.086313725,-3.620350122,4.352870941,4.586510181,5.423353195,3.868998766,-1.182325363,-3.525013924,12.23713398,3.902812719,1.876012444,6.553342819,-0.329690605,2.20591116,0.399141073,1.875849485,13.19161606,5.178390026,1.818203092,-0.946619868,-1.747902513,3.230328321,2.463859081,3.20427537,7.923208714,2.333468199,-2.467822075,0.314130366
8.245314598,7.041093349,9.736327171,9.864199638,-1.027618647,-3.524310589,4.320450306,4.544417381,5.382267952,3.832684755,-1.165225387,-3.496087551,12.21357536,3.873030424,1.860322595,6.524782658,-0.324918419,2.20591116,0.392647624,1.875849485,13.19161606,5.17838335,1.793536782,-0.934417129,-1.715370059,3.197755098,2.440323114,3.173372269,7.923208714,2.320047379,-2.407149553,0.313226163
8.235363007,7.03046751,9.736327171,9.864199638,-0.972095013,-3.430818796,4.28827095,4.502710819,5.341493607,3.796711445,-1.148372769,-3.467398405,12.19006252,3.84347558,1.844763994,6.496346951,-0.320215315,2.20591116,0.386259824,1.875849485,13.19161606,5.178376675,1.769205093,-0.922371686,-1.683443189,3.165510416,2.417011976,3.142767191,7.923208714,2.306703806,-2.347968578,0.312324584
8.225423813,7.019857407,9.736327171,9.864199638,-0.9195714,-3.339807034,4.256331444,4.461386681,5.301028252,3.761075974,-1.131763816,-3.438944817,12.16659451,3.81414628,1.82933557,6.468035221,-0.315580279,2.20591116,0.379975945,1.875849485,13.19161606,5.178369999,1.745203495,-0.910481513,-1.652110457,3.133590937,2.393923521,3.112457275,7.923208714,2.293437004,-2.290242672,0.311425596
8.215496063,7.009263515,9.736327171,9.864199638,-0.869885683,-3.251209736,4.224629879,4.420442104,5.260869503,3.725774765,-1.115395069,-3.41072464,12.14317226,3.785040617,1.814036131,6.439846992,-0.311012357,2.20591116,0.373794287,1.875849485,13.19161606,5.178363323,1.721527576,-0.898744583,-1.621360898,3.101993322,2.371055603,3.082439661,7.923208714,2.280246496,-2.233936071,0.310529172
8.205580711,6.99868536,9.736327171,9.864199638,-0.82288456,-3.16496253,4.193164349,4.379873276,5.221014977,3.690804958,-1.099263072,-3.382735968,12.11979485,3.75615716,1.798864603,6.411781788,-0.306510538,2.20591116,0.367713213,1.875849485,13.19161606,5.178356647,1.698172808,-0.88715899,-1.591183662,3.070714235,2.348406076,3.052711725,7.923208714,2.267131805,-2.179013729,0.309635341
8.195676804,6.988123417,9.736327171,9.864199638,-0.778422952,-3.081003428,4.161932945,4.339676857,5.181462288,3.656163454,-1.083364487,-3.354977131,12.09646225,3.727494001,1.783820033,6.383838654,-0.302073896,2.20591116,0.361731052,1.875849485,13.19161606,5.178349972,1.675134897,-0.875722706,-1.561568141,3.039750576,2.325972795,3.023270369,7.923208714,2.254092455,-2.12544179,0.308744073
8.185785294,6.977577209,9.736327171,9.864199638,-0.736363709,-2.999271393,4.130934238,4.299849033,5.14220953,3.621847153,-1.067695737,-3.327445984,12.07317448,3.699049711,1.768901229,6.356017113,-0.297701478,2.20591116,0.355846226,1.875849485,13.19161606,5.178343296,1.652409554,-0.864433885,-1.532503843,3.009099245,2.303753853,2.994112968,7.923208714,2.241128206,-2.073186874,0.307855368
8.175905228,6.967047215,9.736327171,9.864199638,-0.696576953,-2.919707537,4.100166321,4.260386944,5.103253841,3.587852716,-1.052253604,-3.300140858,12.04993153,3.670822382,1.754107237,6.328317165,-0.29339233,2.20591116,0.350057125,1.875849485,13.19161606,5.17833662,1.629992485,-0.853290558,-1.503980517,2.978756905,2.281747103,2.965236902,7.923208714,2.228238583,-2.022216558,0.306969225
8.16603756,6.956532955,9.736327171,9.864199638,-0.658939958,-2.8422544,4.069627762,4.221286774,5.064593315,3.554177523,-1.037034869,-3.273059607,12.0267334,3.642810583,1.739436984,6.300737858,-0.289145559,2.20591116,0.344362199,1.875849485,13.19161606,5.178329945,1.607879519,-0.842290878,-1.47598803,2.948720455,2.259950638,2.936639309,7.923208714,2.215423107,-1.97249949,0.306085646
8.156181335,6.946034431,9.736327171,9.864199638,-0.623336554,-2.766855955,4.039316654,4.182545662,5.026225567,3.520818233,-1.022036195,-3.246200562,12.00358009,3.615012407,1.724889398,6.273278713,-0.28496027,2.20591116,0.338759929,1.875849485,13.19161606,5.178323269,1.586066484,-0.831432998,-1.448516607,2.918987036,2.238362312,2.908317327,7.923208714,2.202681303,-1.924004674,0.3052046
8.146337509,6.93555212,9.736327171,9.864199638,-0.58965683,-2.693457603,4.009231091,4.144160271,4.988148689,3.487772226,-1.007254481,-3.219562054,11.98047161,3.587426424,1.710463524,6.245939255,-0.280835539,2.20591116,0.333248794,1.875849485,13.19161606,5.178316593,1.564549446,-0.82071507,-1.421556473,2.889553308,2.216980219,2.880268574,7.923208714,2.190012693,-1.876702189,0.304326087
8.136505127,6.925085545,9.736327171,9.864199638,-0.557796836,-2.622006416,3.979369879,4.106126785,4.950360298,3.455036402,-0.99268657,-3.193142176,11.957407,3.560050964,1.69615829,6.218719006,-0.276770532,2.20591116,0.327827334,1.875849485,13.19161606,5.178309917,1.543324232,-0.810135305,-1.39509809,2.860416412,2.19580245,2.852490425,7.923208714,2.17741704,-1.830562592,0.303450108
8.126685143,6.914634705,9.736327171,9.864199638,-0.527658284,-2.552450657,3.949731112,4.068442345,4.912858009,3.42260766,-0.97832936,-3.16693902,11.93438721,3.532884359,1.681972623,6.191617489,-0.272764355,2.20591116,0.32249406,1.875849485,13.19161606,5.178303242,1.522387028,-0.799691975,-1.369132161,2.831573248,2.174827099,2.824980021,7.923208714,2.164893866,-1.785557389,0.302576661
8.116876602,6.9041996,9.736327171,9.864199638,-0.49914819,-2.484740019,3.920312881,4.031104088,4.875639915,3.390483379,-0.964179754,-3.140950918,11.91141129,3.505925179,1.667905688,6.164633751,-0.268816173,2.20591116,0.31724757,1.875849485,13.19161606,5.178296566,1.501733899,-0.789383233,-1.343649507,2.803020954,2.154052019,2.797734976,7.923208714,2.152442694,-1.741658688,0.301705718
8.10708046,6.893780231,9.736327171,9.864199638,-0.472178519,-2.418825626,3.891113758,3.994108438,4.838703632,3.358660698,-0.95023483,-3.115175962,11.88848019,3.479171515,1.653956413,6.137767792,-0.264925122,2.20591116,0.312086403,1.875849485,13.19161606,5.17828989,1.481360912,-0.779207408,-1.318641186,2.77475667,2.133475304,2.770752668,7.923208714,2.140063047,-1.698839188,0.300837278
