p1,p2,p3,p4,p5,p6,p7,p8,p9,p10,p11,p12,p13,p14,p15,p16
0,0,0,0,0,0,0,0,0,0,0,0,0,0,0,0
0,0,0,0,0,0,0,0,0,0,0,0,0,0,0,0
0,0,0,0,0,0,0,0,0,0,0,0,0,0,0,0
0,0,0,0,0,0,0,0,0,0,0,0,0,0,0,0
0,0,0,0,0,0,0,0,0,0,0,0,0,0,0,0
0,0,0,0,0,0,0,0,0,0,0,0,0,0,0,0
0,0,0,0,0,0,0,0,0,0,0,0,0,0,0,0
0,0,0,0,0,0,0,0,0,0,0,0,0,0,0,0
0,0,0,0,0,0,0,0,0,0,0,0,0,0,0,0
0,0,0,0,0,0,0,0,0,0,0,0,0,0,0,0
0,0,0,0,0,0,0,0,0,0,0,0,0,0,0,0
0,0,0,0,0,0,0,0,0,0,0,0,0,0,0,0
0,0,0,0,0,0,0,0,0,0,0,0,0,0,0,0
0,0,0,0,0,0,0,0,0,0,0,0,0,0,0,0
0,0,0,0,0,0,0,0,0,0,0,0,0,0,0,0
0,0,0,0,0,0,0,0,0,0,0,0,0,0,0,0
0,0,0,0,0,0,0,0,0,0,0,0,0,0,0,0
0,0,0,0,0,0,0,0,0,0,0,0,0,0,0,0
0,0,0,0,0,0,0,0,0,0,0,0,0,0,0,0
0,0,0,0,0,0,0,0,0,0,0,0,0,0,0,0
0,0,0,0,0,0,0,0,0,0,0,0,0,0,0,0
0,0,0,0,0,0,0,0,0,0,0,0,0,0,0,0
0,0,0,0,0,0,0,0,0,0,0,0,0,0,0,0
0,0,0,0,0,0,0,0,0,0,0,0,0,0,0,0
0,0,0,0,0,0,0,0,0,0,0,0,0,0,0,0
0,0,0,0,0,0,0,0,0,0,0,0,0,0,0,0
0,0,0,0,0,0,0,0,0,0,0,0,0,0,0,0
0,0,0,0,0,0,0,0,0,0,0,0,0,0,0,0
0,0,0,0,0,0,0,0,0,0,0,0,0,0,0,0
0,0,0,0,0,0,0,0,0,0,0,0,0,0,0,0
0,0,0,0,0,0,0,0,0,0,0,0,0,0,0,0
0,0,0,0,0,0,0,0,0,0,0,0,0,0,0,0
0,0,0,0,0,0,0,0,0,0,0,0,0,0,0,0
0,0,0,0,0,0,0,0,0,0,0,0,0,0,0,0
0,0,0,0,0,0,0,0,0,0,0,0,0,0,0,0
0,0,0,0,0,0,0,0,0,0,0,0,0,0,0,0
0,0,0,0,0,0,0,0,0,0,0,0,0,0,0,0
0,0,0,0,0,0,0,0,0,0,0,0,0,0,0,0
0,0,0,0,0,0,0,0,0,0,0,0,0,0,0,0
0,0,0,0,0,0,0,0,0,0,0,0,0,0,0,0
0,0,0,0,0,0,0,0,0,0,0,0,0,0,0,0
0,0,0,0,0,0,0,0,0,0,0,0,0,0,0,0
0,0,0,0,0,0,0,0,0,0,0,0,0,0,0,0
0,0,0,0,0,0,0,0,0,0,0,0,0,0,0,0
0,0,0,0,0,0,0,0,0,0,0,0,0,0,0,0
0,0,0,0,0,0,0,0,0,0,0,0,0,0,0,0
0,0,0,0,0,0,0,0,0,0,0,0,0,0,0,0
0,0,0,0,0,0,0,0,0,0,0,0,0,0,0,0
0,0,0,0,0,0,0,0,0,0,0,0,0,0,0,0
0,0,0,0,0,0,0,0,0,0,0,0,0,0,0,0
0,0,0,0,0,0,0,0,0,0,0,0,0,0,0,0
0,0,0,0,0,0,0,0,0,0,0,0,0,0,0,0
0,0,0,0,0,0,0,0,0,0,0,0,0,0,0,0
0,0,0,0,0,0,0,0,0,0,0,0,0,0,0,0
0,0,0,0,0,0,0,0,0,0,0,0,0,0,0,0
0,0,0,0,0,0,0,0,0,0,0,0,0,0,0,0
0,0,0,0,0,0,0,0,0,0,0,0,0,0,0,0
0,0,0,0,0,0,0,0,0,0,0,0,0,0,0,0
0,0,0,0,0,0,0,0,0,0,0,0,0,0,0,0
0,0,0,0,0,0,0,0,0,0,0,0,0,0,0,0
0,0,0,0,0,0,0,0,0,0,0,0,0,0,0,0
0,0,0,0,0,0,0,0,0,0,0,0,0,0,0,0
0,0,0,0,0,0,0,0,0,0,0,0,0,0,0,0
0,0,0,0,0,0,0,0,0,0,0,0,0,0,0,0
0,0,0,0,0,0,0,0,0,0,0,0,0,0,0,0
0,0,0,0,0,0,0,0,0,0,0,0,0,0,0,0
0,0,0,0,0,0,0,0,0,0,0,0,0,0,0,0
0,0,0,0,0,0,0,0,0,0,0,0,0,0,0,0
0,0,0,0,0,0,0,0,0,0,0,0,0,0,0,0
0,0,0,0,0,0,0,0,0,0,0,0,0,0,0,0
0,0,0,0,0,0,0,0,0,0,0,0,0,0,0,0
0,0,0,0,0,0,0,0,0,0,0,0,0,0,0,0
0,0,0,0,0,0,0,0,0,0,0,0,0,0,0,0
0,0,0,0,0,0,0,0,0,0,0,0,0,0,0,0
0,0,0,0,0,0,0,0,0,0,0,0,0,0,0,0
0,0,0,0,0,0,0,0,0,0,0,0,0,0,0,0
0,0,0,0,0,0,0,0,0,0,0,0,0,0,0,0
0,0,0,0,0,0,0,0,0,0,0,0,0,0,0,0
0,0,0,0,0,0,0,0,0,0,0,0,0,0,0,0
0,0,0,0,0,0,0,0,0,0,0,0,0,0,0,0
0,0,0,0,0,0,0,0,0,0,0,0,0,0,0,0
0,0,0,0,0,0,0,0,0,0,0,0,0,0,0,0
0,0,0,0,0,0,0,0,0,0,0,0,0,0,0,0
0,0,0,0,0,0,0,0,0,0,0,0,0,0,0,0
0,0,0,0,0,0,0,0,0,0,0,0,0,0,0,0
0,0,0,0,0,0,0,0,0,0,0,0,0,0,0,0
0,0,0,0,0,0,0,0,0,0,0,0,0,0,0,0
0,0,0,0,0,0,0,0,0,0,0,0,0,0,0,0
0,0,0,0,0,0,0,0,0,0,0,0,0,0,0,0
0,0,0,0,0,0,0,0,0,0,0,0,0,0,0,0
0,0,0,0,0,0,0,0,0,0,0,0,0,0,0,0
0,0,0,0,0,0,0,0,0,0,0,0,0,0,0,0
0,0,0,0,0,0,0,0,0,0,0,0,0,0,0,0
0,0,0,0,0,0,0,0,0,0,0,0,0,0,0,0
0,0,0,0,0,0,0,0,0,0,0,0,0,0,0,0
0,0,0,0,0,0,0,0,0,0,0,0,0,0,0,0
0.809360683,0.652860343,1.100181222,0.515029609,1.10472846,0.98636657,1.262886167,2.52071476,1.039215088,1.042775989,1.023277044,1.151041269,1.585834026,1.262242079,2.635278702,1.399295568
1.505196333,1.148540854,1.822947621,0.940257907,2.06184864,1.711424828,2.30423975,4.293001652,1.693603873,1.759395599,1.865722418,1.953710914,2.480612993,2.329392433,4.223070621,2.595195055
2.156384706,1.56461823,2.52368474,1.30657506,2.908138275,2.340494394,3.20661521,5.671088696,2.218622446,2.344078779,2.618512154,2.665504217,3.343995333,3.26786828,5.362424374,3.647420406
2.779317856,1.938424826,3.20306468,1.63283968,3.670308352,2.929175615,4.015945911,6.83180809,2.694115162,2.870852232,3.32000351,3.34215498,4.177083015,4.11692524,6.299901962,4.596045017
3.378396511,2.287972927,3.861738205,1.930630922,4.367784023,3.496282578,4.758159637,7.863884926,3.145217896,3.368048191,3.986610889,3.996078968,4.980939865,4.900024891,7.137357712,5.468031406
3.955263138,2.621999025,4.500336647,2.207120419,5.014717102,4.048293591,5.448234558,8.81226635,3.580017805,3.846624374,4.625622272,4.630381107,5.756590843,5.63143158,7.917225838,6.281591415
4.51090765,2.944785118,5.11947155,2.466809511,5.621441364,4.587547302,6.095137119,9.700128555,4.001284122,4.310929775,5.240521908,5.246155262,6.505025864,6.320043087,8.65752697,7.049093723
5.046148777,3.258472919,5.719736099,2.712578535,6.1955266,5.114992142,6.704516888,10.53980064,4.410121918,4.762795925,5.833197594,5.844050884,7.227200031,6.971614361,9.366241455,7.779004097
5.56174469,3.564175129,6.30170536,2.946321249,6.742539406,5.631105423,7.280176163,11.33819389,4.80711174,5.203093529,6.40486002,6.424610615,7.924034595,7.590048313,10.04720306,8.47717762
6.058418274,3.862508059,6.865937233,3.169329405,7.266596317,6.136204243,7.824872494,12.09949398,5.19266367,5.632323265,6.956423283,6.988342285,8.596418381,8.17814827,10.70252705,9.147724152
6.536864281,4.153848171,7.412971973,3.382524729,7.77076149,6.630548477,8.340759277,12.82650089,5.567128181,6.050841331,7.488664627,7.535734177,9.245209694,8.738054276,11.33360195,9.793581009
6.997751713,4.438455105,7.943334103,3.586599588,8.257335663,7.114375114,8.829626083,13.52129555,5.930830479,6.458944321,8.002289772,8.067260742,9.871236801,9.271496773,11.94149876,10.41689873
7.441724777,4.716530323,8.457531929,3.782102108,8.728065491,7.587911129,9.293034554,14.18557262,6.284081459,6.856903076,8.497962952,8.583381653,10.47529793,9.779947281,12.52714062,11.0192976
7.869404793,4.988245964,8.956057549,3.969488144,9.184294701,8.051376343,9.73238945,14.82080364,6.627182484,7.24497366,8.976315498,9.084543228,11.05816364,10.26470566,13.09137058,11.60203838
8.281389236,5.253757954,9.439389229,4.149152279,9.627072334,8.504984856,10.14898205,15.42832565,6.960425377,7.623403549,9.437954903,9.57117939,11.62057781,10.72694874,13.63498402,12.16613483
8.678254128,5.513212681,9.907989502,4.321448326,10.05723286,8.948946953,10.54401588,16.00938034,7.28409338,7.992433071,9.883466721,10.04371071,12.1632576,11.16776657,14.15873909,12.71243382
9.060554504,5.766751289,10.36230755,4.486699104,10.47545528,9.383466721,10.91861916,16.56513596,7.598461628,8.352295876,10.31341457,10.50254631,12.68689632,11.58817673,14.66336346,13.24166393
9.428825378,6.014509201,10.80277824,4.645205975,10.88230228,9.808746338,11.27385521,17.09670067,7.90379715,8.703219414,10.72834206,10.94808292,13.19216156,11.9891386,15.14955616,13.75446892
9.78358078,6.256619453,11.22982407,4.797251701,11.27824974,10.22498131,11.61073017,17.60513306,8.200359344,9.045426369,11.12877369,11.38070583,13.67969799,12.37156105,15.61799145,14.25143337
10.12531662,6.493210793,11.64385509,4.943104267,11.6637125,10.63236427,11.9301939,18.09144211,8.488400459,9.379132271,11.51521587,11.80078983,14.15012741,12.73630524,16.06931686,14.73309612
10.45451164,6.724409103,12.04526711,5.08301878,12.03905487,11.03108406,12.23314857,18.55659103,8.768165588,9.704548836,11.88815784,12.20869827,14.60405064,13.08419228,16.50415993,15.19996071
10.77162552,6.95033741,12.43444443,5.217238903,12.40460682,11.42132378,12.52044678,19.00150108,9.03989315,10.02188206,12.24807072,12.60478401,15.04204655,13.41600227,16.9231205,15.65250492
11.07710171,7.171115875,12.81175995,5.345997334,12.76066971,11.80326462,12.79289913,19.42705345,9.303812981,10.33133316,12.59541035,12.98938942,15.464674,13.7324791,17.32677841,16.09118271
11.3713665,7.386861801,13.17757607,5.469516754,13.10752392,12.17708302,13.05127239,19.83409119,9.560150146,10.63309765,12.93061543,13.36284733,15.87247276,14.03433132,17.71569443,16.51642799
11.65483284,7.597689629,13.53224277,5.588010788,13.44543076,12.54295158,13.29629421,20.22341728,9.809122086,10.92736626,13.25411034,13.72548103,16.2659626,14.32223606,18.09040451,16.92865753
11.92789555,7.803711891,13.87609959,5.701683998,13.77463913,12.90103912,13.5286541,20.59580421,10.05094051,11.21432495,13.56630421,14.07760429,16.64564514,14.596838,18.45142937,17.32827568
12.19093704,8.005038261,14.20947552,5.810732841,14.09538555,13.25151157,13.74900723,20.95199013,10.28581047,11.49415588,13.8675909,14.41952133,17.01200676,14.8587513,18.79926872,17.71567154
12.44432545,8.201775551,14.532691,5.915345669,14.40789604,13.59453011,13.95797348,21.29267693,10.51393223,11.76703548,14.15835285,14.75152779,17.36551285,15.10856247,19.13440323,18.09121895
12.68841457,8.394028664,14.84605503,6.015702724,14.71238995,13.93025398,14.15614223,21.61854172,10.73549938,12.03313732,14.43895626,15.07391167,17.70661545,15.34683037,19.45729828,18.45528412
12.92354584,8.581899643,15.14986897,6.111977577,15.00907707,14.2588377,14.34407043,21.93022728,10.95069981,12.29262924,14.70975685,15.38695145,18.03574944,15.57408905,19.76840019,18.808218
13.15004826,8.765487671,15.44442272,6.20433569,15.29816055,14.58043385,14.52228737,22.22835159,11.15971756,12.54567528,14.97109699,15.69091797,18.35333443,15.79084682,20.06813812,19.15036011
13.36823845,8.944890976,15.72999954,6.292936802,15.5798378,14.89519119,14.69129467,22.51350594,11.36273003,12.79243565,15.22330761,15.98607445,18.65977669,15.99758911,20.35692978,19.48204231
13.57842159,9.120204926,16.00687218,6.377933502,15.85430145,15.2032547,14.85156918,22.78625298,11.55990887,13.03306675,15.46670723,16.27267647,18.95546532,16.19477844,20.6351738,19.80358315
13.78089142,9.29152298,16.2753067,6.459472656,16.12173653,15.50476646,15.00356102,23.04713249,11.75142288,13.26772022,15.70160389,16.55097198,19.24077988,16.38285637,20.90325546,20.11529541
13.97593021,9.458935738,16.5355587,6.537694931,16.38232422,15.79986572,15.14769936,23.29666138,11.9374342,13.49654484,15.92829418,16.82120132,19.51608276,16.56224442,21.1615448,20.41747665
14.16381168,9.622532845,16.78787994,6.612735271,16.63624001,16.0886898,15.2843895,23.53533363,12.11810017,13.71968555,16.14706421,17.08359718,19.78172493,16.73334312,21.41040039,20.71042061
14.34479809,9.782401085,17.03251076,6.6847229,16.88365555,16.37137032,15.41401577,23.76362228,12.29357529,13.93728352,16.35819244,17.33838844,20.03804779,16.89653587,21.65016747,20.99440956
14.51914215,9.938625336,17.26968384,6.753782272,17.12473869,16.64804077,15.53694439,23.98197746,12.46400928,14.14947605,16.56194496,17.58579445,20.2853756,17.05218887,21.8811779,21.26971626
14.68708801,10.09128857,17.49962997,6.82003212,17.35965157,16.91882706,15.65352058,24.19083214,12.62954617,14.35639858,16.75857925,17.82603073,20.52402496,17.20064926,22.10375023,21.53660583
14.84887028,10.24047184,17.7225666,6.883586884,17.58855057,17.18385506,15.76407242,24.3906002,12.79032612,14.55818081,16.94834328,18.05930328,20.75430107,17.34225082,22.31819344,21.79533768
15.00471497,10.38625431,17.93870926,6.944556713,17.8115921,17.44324684,15.86891174,24.58167648,12.94648647,14.75495052,17.13147926,18.28581429,20.97649765,17.47730827,22.52480507,22.04615974
15.15484047,10.52871418,18.14826393,7.003046036,18.02892494,17.69712067,15.96833324,24.76443863,13.09816074,14.94683266,17.30821609,18.50576019,21.19089699,17.60612679,22.72387123,22.28931427
15.2994566,10.66792679,18.35143089,7.059155941,18.24069405,17.94559669,16.06261826,24.93924904,13.24547672,15.13394833,17.47877884,18.71933174,21.39777374,17.72899246,22.91566658,22.52503395
15.43876553,10.80396557,18.5484066,7.112983704,18.44704437,18.18878746,16.15203094,25.10645294,13.3885603,15.31641674,17.64338303,18.92671394,21.59739304,17.84617996,23.10045624,22.75354767
15.57296181,10.93690395,18.73937798,7.16462183,18.64811325,18.4268074,16.23682213,25.26638222,13.52753258,15.49435234,17.80223656,19.12808418,21.79000664,17.95795441,23.27849579,22.97507668
15.70223331,11.06681252,18.92453003,7.214159012,18.8440361,18.65976524,16.31723213,25.41935349,13.66251183,15.66786766,17.95554161,19.32361794,21.9758625,18.06456375,23.45003319,23.18983269
15.82676125,11.19375992,19.10403824,7.26168108,19.03494453,18.88776779,16.39348793,25.56566811,13.79361248,15.83707333,18.10349083,19.51348495,22.15519714,18.16624641,23.61530495,23.39802361
15.94671917,11.31781292,19.27807617,7.30727005,19.22096634,19.11092186,16.46580315,25.7056179,13.92094612,16.0020752,18.24627113,19.69784927,22.32823944,18.26323128,23.77454185,23.5998497
16.06227493,11.43903828,19.44680977,7.351004601,19.4022274,19.32933044,16.53437996,25.83947754,14.04462147,16.16297913,18.38406372,19.8768692,22.49521065,18.35573387,23.92796326,23.79550552
16.17358971,11.55750084,19.61039925,7.392960072,19.57884979,19.54309464,16.59941483,25.96751404,14.16474342,16.31988525,18.51704216,20.05070114,22.65632248,18.443964,24.07578087,23.9851799
16.28081894,11.6732626,19.76900291,7.433208466,19.75095177,19.75231171,16.66108894,26.08997917,14.28141403,16.47289467,18.6453743,20.21949387,22.81178093,18.52811623,24.21819878,24.16905594
16.38411331,11.78638649,19.92277336,7.471819878,19.91864777,19.95708084,16.71957588,26.20711708,14.39473248,16.62210274,18.76922417,20.38339424,22.96178436,18.60838127,24.35541534,24.34731102
16.48361588,11.89693165,20.07185745,7.508860588,20.08205223,20.15749359,16.77503967,26.31915665,14.50479507,16.76760483,18.88874626,20.54254532,23.10652542,18.68493652,24.4876194,24.52011681
16.57946777,12.0049572,20.21639633,7.544394493,20.24127579,20.35364532,16.82763863,26.42632294,14.61169529,16.90949249,19.00409317,20.69708252,23.24618721,18.75795555,24.61499596,24.68764114
16.67180252,12.11052036,20.35653114,7.578482628,20.39642334,20.54562569,16.8775177,26.52882576,14.71552372,17.04785538,19.11540985,20.84714127,23.38094902,18.82760048,24.73772049,24.85004234
16.76074791,12.21367741,20.49239349,7.61118412,20.54759979,20.73352242,16.92481995,26.6268692,14.81636906,17.18278122,19.22283936,20.99285126,23.51098251,18.8940258,24.85596275,25.00748062
16.84642982,12.31448269,20.62411499,7.642555714,20.69490814,20.91742325,16.96967888,26.7206459,14.91431618,17.31435585,19.3265152,21.13433647,23.63645363,18.9573822,24.96988678,25.16010475
16.92896652,12.41299057,20.75182343,7.672650814,20.83844566,21.09741402,17.01221848,26.81034279,15.00944996,17.44266319,19.42656898,21.27172089,23.75752068,19.01781082,25.07964897,25.30806351
17.00847435,12.50925255,20.87563896,7.701521873,20.97830963,21.27357674,17.05256081,26.89613724,15.10184956,17.56778336,19.5231266,21.40512466,23.87434006,19.07544899,25.18540192,25.45149803
17.08506393,12.60332012,20.99567986,7.729218483,21.11459351,21.44599342,17.09081841,26.97819901,15.19159412,17.68979454,19.61631203,21.53466034,23.98706055,19.13042259,25.28729248,25.59054947
17.15884399,12.69524384,21.11206245,7.755788326,21.24739075,21.61474228,17.12709808,27.05669022,15.27876091,17.80877495,19.70624161,21.66044235,24.0958271,19.18285561,25.38546181,25.72534943
17.22991562,12.78507233,21.22489738,7.78127718,21.37678909,21.77990341,17.16150284,27.13176537,15.36342335,17.92480087,19.79302979,21.78257942,24.20077705,19.23286629,25.48004532,25.8560276
17.29837799,12.87285328,21.33429337,7.805729389,21.50287437,21.94155121,17.19412994,27.20357513,15.44565296,18.03794479,19.87678528,21.90117645,24.30204391,19.28056717,25.57117462,25.98271179
17.36432838,12.95863342,21.4403553,7.829186916,21.62573242,22.09976196,17.22507095,27.27226067,15.52551937,18.14827728,19.9576149,22.01633453,24.39975739,19.32606316,25.6589756,26.10552216
17.42785835,13.04245853,21.54318428,7.851690292,21.74544716,22.25460815,17.2544136,27.33795738,15.60309124,18.25586891,20.03562164,22.12815666,24.49404335,19.36945724,25.74357033,26.22457886
17.48905754,13.12437248,21.64287949,7.873278141,21.86209869,22.40616035,17.28223991,27.40079498,15.67843437,18.36078835,20.11090279,22.2367363,24.58502007,19.41084671,25.82507515,26.33999634
17.54800987,13.20441914,21.73953629,7.893987656,21.97576332,22.55449104,17.30862808,27.46089935,15.75161266,18.46310234,20.1835537,22.34216881,24.67280388,19.4503231,25.9036026,26.45188522
17.60479927,13.28264141,21.83324814,7.913854599,22.08651924,22.69966698,17.3336525,27.51838875,15.8226881,18.56287384,20.25366592,22.44454575,24.75750923,19.48797607,25.97926331,26.56035423
17.65950394,13.35908031,21.92410278,7.93291378,22.19444084,22.84175491,17.35738373,27.5733757,15.89172173,18.66016769,20.32132912,22.54395485,24.83924103,19.52388954,26.05216026,26.66550636
17.71220207,13.43377686,22.01218796,7.951197624,22.2996006,22.98082161,17.37989044,27.62597084,15.95877171,18.75504494,20.3866291,22.64048386,24.91810608,19.55814362,26.12239456,26.76744461
17.76296616,13.50677109,22.09758949,7.968737602,22.40206909,23.11693001,17.40123367,27.67627716,16.02389526,18.8475647,20.4496479,22.73421478,24.99420357,19.59081459,26.19006348,26.86626625
17.81186676,13.57810116,22.1803875,7.985563755,22.50191498,23.25014496,17.42147255,27.72439575,16.08714676,18.9377861,20.51046562,22.82522964,25.06763077,19.62197495,26.25526047,26.96206665
17.85897255,13.64780521,22.26066208,8.001706123,22.59920502,23.38052559,17.4406662,27.77042007,16.14858246,19.02576637,20.56915855,22.91360664,25.13848114,19.65169525,26.31807709,27.05493736
17.90435028,13.71592045,22.33848953,8.017190933,22.69400597,23.50813293,17.45886803,27.81444168,16.20825195,19.11156273,20.62580109,22.99942207,25.20684624,19.68004227,26.37859917,27.14496994
17.9480629,13.7824831,22.41394615,8.032046318,22.78637886,23.63302803,17.47612953,27.85654831,16.26620674,19.19522667,20.68046379,23.08275032,25.27281189,19.70708084,26.43691063,27.23225021
17.99017143,13.84752846,22.48710251,8.046297073,22.87638855,23.75526619,17.4924984,27.89682198,16.32249641,19.27681351,20.73321724,23.16366196,25.33646393,19.7328701,26.49309158,27.31686211
18.03073311,13.9110918,22.55802917,8.059967995,22.96409416,23.87490463,17.50802231,27.9353447,16.37716866,19.35637283,20.78412819,23.24222946,25.39788246,19.75746727,26.54722214,27.39888763
18.06980705,13.97320557,22.62679482,8.073082924,23.04955482,23.99199867,17.52274323,27.97219086,16.43027115,19.43395615,20.83325958,23.31851959,25.45714569,19.78092766,26.59937477,27.478405
18.10744667,14.03390408,22.69346428,8.085664749,23.13282967,24.10660362,17.53670502,28.00743294,16.48184776,19.50961304,20.88067436,23.39259911,25.51432991,19.80330467,26.64962196,27.5554924
18.14370537,14.0932188,22.75810051,8.097734451,23.21397209,24.21877098,17.54994392,28.04114342,16.53194237,19.58338928,20.92643356,23.46453094,25.5695076,19.8246479,26.69803429,27.63022232
18.17863274,14.15118122,22.82076836,8.109313011,23.29303741,24.32855225,17.5625,28.07338715,16.58059692,19.65533447,20.97059441,23.53437805,25.62274933,19.84500504,26.7446785,27.70266724
18.21227837,14.2078228,22.88152504,8.120420456,23.37007904,24.43599892,17.57440567,28.10422707,16.62785339,19.72549248,21.0132122,23.60219955,25.67412186,19.86442184,26.78961945,27.77289772
18.24468994,14.2631731,22.94042969,8.131076813,23.44515038,24.54116058,17.58569717,28.13372612,16.67375183,19.79390717,21.05434036,23.66805649,25.72369194,19.88294029,26.83291817,27.84098244
18.27591133,14.3172617,22.99753952,8.141299248,23.5182991,24.64408684,17.59640503,28.16194153,16.71833229,19.86062241,21.09403229,23.73200417,25.77152252,19.90060425,26.8746357,27.90698433
18.30598831,14.37011719,23.05290985,8.151105881,23.58957672,24.74482346,17.60655975,28.1889286,16.76163101,19.92568016,21.13233757,23.7940979,25.81767464,19.91745186,26.91482925,27.97096825
18.33496094,14.42176819,23.10659218,8.160513878,23.65902901,24.84341812,17.61618996,28.21474075,16.80368614,19.98912239,21.16930389,23.85439301,25.86220741,19.93351936,26.95355606,28.03299713
18.36286926,14.47224236,23.158638,8.169538498,23.72670364,24.9399147,17.62532234,28.23943138,16.84453392,20.05098915,21.20497894,23.91294098,25.90517807,19.94884491,26.99086761,28.09313011
18.38975334,14.52156544,23.20909691,8.178195953,23.79264641,25.03435898,17.6339817,28.26304626,16.88420677,20.11131859,21.23940849,23.96979141,25.94664192,19.96346283,27.02681732,28.15142441
18.41565132,14.56976414,23.25801849,8.186501503,23.85690308,25.12679482,17.64219475,28.28563499,16.92274094,20.17014885,21.27263451,24.0249939,25.98665047,19.97740555,27.06145287,28.20793724
18.44059944,14.6168642,23.30544853,8.194469452,23.9195137,25.21726608,17.64998245,28.30723953,16.96016693,20.22751808,21.30470085,24.07859612,26.0252552,19.99070358,27.09482384,28.26272202
18.46463203,14.66289139,23.3514328,8.202113152,23.98052216,25.30581284,17.65736771,28.32790565,16.99651718,20.28346252,21.33564568,24.13064575,26.06250572,20.00338745,27.12697601,28.31583214
18.48778152,14.70786858,23.39601517,8.209445953,24.0399704,25.39247704,17.66437149,28.34767151,17.03182411,20.33801651,21.36551094,24.18118668,26.0984478,20.01548576,27.15795326,28.36731911
18.51008224,14.75182056,23.4392395,8.216480255,24.09789658,25.47729683,17.67101479,28.36657715,17.06611633,20.39121628,21.39433289,24.23026276,26.13312912,20.02702522,27.18779945,28.41723061
18.53156471,14.79477119,23.48114586,8.223228455,24.15434074,25.56031418,17.67731476,28.38466072,17.09942245,20.44309425,21.42214775,24.27791595,26.16659355,20.03803062,27.21655655,28.46561623
18.55225945,14.8367424,23.5217762,8.229701996,24.20933914,25.64156532,17.68328857,28.40195656,17.13177299,20.49368286,21.44898987,24.32418823,26.19888496,20.04852676,27.2442627,28.51252365
18.57219315,14.87775707,23.56116676,8.235912323,24.26292992,25.72108841,17.6889534,28.4185009,17.16319275,20.54301643,21.47489548,24.36911964,26.2300415,20.05853844,27.27095604,28.55799675
18.59139633,14.91783714,23.5993576,8.241869926,24.31514931,25.79892159,17.6943264,28.43432617,17.19371033,20.59112358,21.4998951,24.41274834,26.26010513,20.06808853,27.29667473,28.60207939
18.6098938,14.95700359,23.63638496,8.247585297,24.36603165,25.87509918,17.69942093,28.44946289,17.22335052,20.63803673,21.52402115,24.45511246,26.289114,20.07719612,27.321455,28.64481544
18.62771416,14.9952774,23.67228317,8.25306797,24.41561317,25.94965553,17.70425224,28.46393967,17.25214005,20.68378448,21.54730415,24.49624825,26.31710625,20.08588409,27.34532928,28.68624496
18.64488029,15.0326786,23.70708656,8.258328438,24.46392441,26.02262688,17.70883369,28.47778702,17.28010178,20.72839546,21.56977463,24.53619194,26.34411621,20.09416962,27.36833191,28.726408
18.6614151,15.06922722,23.74082947,8.263374329,24.51099968,26.09404564,17.71317863,28.49103165,17.30726051,20.77189827,21.59145927,24.57497787,26.37017822,20.10207176,27.3904953,28.76534271
18.67734337,15.10494328,23.77354431,8.268215179,24.55686951,26.16394615,17.71729851,28.50370026,17.33363914,20.81431961,21.6123867,24.61264038,26.39532471,20.1096096,27.41184807,28.80308723
18.69268799,15.13984489,23.80526161,8.27285862,24.60156631,26.23236084,17.72120667,28.51581764,17.35925865,20.8556881,21.63258362,24.64920998,26.41959,20.1167984,27.43242073,28.83967781
18.70746803,15.17395115,23.83601379,8.277313232,24.64511871,26.29932022,17.72491264,28.5274086,17.38414192,20.89602852,21.65207481,24.68472099,26.4430027,20.12365532,27.4522419,28.87514877
18.72170639,15.20727921,23.86582756,8.281586647,24.68755722,26.36485481,17.72842598,28.53849411,17.40831184,20.93536758,21.67088509,24.71920204,26.46559525,20.13019562,27.47134018,28.90953636
18.73542213,15.23984814,23.89473343,8.285686493,24.72890854,26.42899704,17.73175812,28.54909706,17.43178749,20.97372818,21.68903732,24.75268364,26.48739433,20.13643456,27.48974037,28.942873
18.74863434,15.27167416,23.9227581,8.289619446,24.76920128,26.49177361,17.73491859,28.55923843,17.45458794,21.01113701,21.70655632,24.7851944,26.50842857,20.14238548,27.50746918,28.97518921
18.76136208,15.30277538,23.94992828,8.293392181,24.80846405,26.55321503,17.73791504,28.56893921,17.47673225,21.04761696,21.72346306,24.81676292,26.52872467,20.14805984,27.52454948,29.00651741
18.77362251,15.33316708,23.97627068,8.297011375,24.84672165,26.61334991,17.74075699,28.57821846,17.49824142,21.08319092,21.73977852,24.84741592,26.54830933,20.1534729,27.54100609,29.03688812
18.78543282,15.3628664,24.00181007,8.300483704,24.88400078,26.67220688,17.74345207,28.58709335,17.51913261,21.11787987,21.75552559,24.87718201,26.56720543,20.15863609,27.55686188,29.06633186
18.79681015,15.39188862,24.02657127,8.303814888,24.92032433,26.72981262,17.74600792,28.59558296,17.53942299,21.1517067,21.77072144,24.90608406,26.58543968,20.16356087,27.57213974,29.09487534
18.80776978,15.42024899,24.05057716,8.307010651,24.95571899,26.78619194,17.74843216,28.60370255,17.55912971,21.18469429,21.78538704,24.93414879,26.60303307,20.16825676,27.58685875,29.12254524
18.81832695,15.44796371,24.07385254,8.310076714,24.99020767,26.84137344,17.75073051,28.61146927,17.57827187,21.21686172,21.79953957,24.96140099,26.62001038,20.17273712,27.60103989,29.14937019
18.82849693,15.47504616,24.09641838,8.313017845,25.02381325,26.89538002,17.75291061,28.61889839,17.59686279,21.24822998,21.81319809,24.98786163,26.63639069,20.17700958,27.61470413,29.17537498
18.83829308,15.50151157,24.11829567,8.315838814,25.05655861,26.94823837,17.75497818,28.62600327,17.61491966,21.27882004,21.82637978,25.01355553,26.65219688,20.18108559,27.62786865,29.20058441
18.84773064,15.52737331,24.13950539,8.318545341,25.08846664,26.9999733,17.75693893,28.63279915,17.63245773,21.30864906,21.83909988,25.03850555,26.66744804,20.18497276,27.64055252,29.22502327
18.85682106,15.55264568,24.16007042,8.321142197,25.11955833,27.05060768,17.7587986,28.63929939,17.64949226,21.33773804,21.85137558,25.0627327,26.68216515,20.18868065,27.6527729,29.24871445
18.8655777,15.57734203,24.18000793,8.323633194,25.14985466,27.10016632,17.76056099,28.64551735,17.66603661,21.36610413,21.86322403,25.08625793,26.69636536,20.19221687,27.66454697,29.27168083
18.8740139,15.60147572,24.19933701,8.326023102,25.17937469,27.1486702,17.76223373,28.65146446,17.68210602,21.3937664,21.87465858,25.10910034,26.71006775,20.19558907,27.67589188,29.29394531
18.88214111,15.62505913,24.21807671,8.328315735,25.20813942,27.1961422,17.76381874,28.65715218,17.69771385,21.42074203,21.8856926,25.1312809,26.72328949,20.19880676,27.68682098,29.31552887
18.88996887,15.64810467,24.23624611,8.330514908,25.23616791,27.24260521,17.76532173,28.66259384,17.71287346,21.44704628,21.89634132,25.15281868,26.73604584,20.20187569,27.69735146,29.33645439
18.89751053,15.67062569,24.25386238,8.332624435,25.26347923,27.28808022,17.76674843,28.66779709,17.72759819,21.47269821,21.90661812,25.17373276,26.74835587,20.20480156,27.70749664,29.35673904
18.90477562,15.69263268,24.27094078,8.334648132,25.29009056,27.3325882,17.76810074,28.67277527,17.74189949,21.49771309,21.91653633,25.1940403,26.76023293,20.20759201,27.7172718,29.37640381
18.91177368,15.71413803,24.28749847,8.336589813,25.31602097,27.37615013,17.76938248,28.67753601,17.7557888,21.52210617,21.92610741,25.21375847,26.77169418,20.21025467,27.72669029,29.39546776
18.91851425,15.7351532,24.30355263,8.338452339,25.34128761,27.4187851,17.77059937,28.68209076,17.76927948,21.54589272,21.9353447,25.23290634,26.78275299,20.21279335,27.73576546,29.41394806
18.92500687,15.75568962,24.31911659,8.340238571,25.36590767,27.46051216,17.77175331,28.68644714,17.78238297,21.56908798,21.94425964,25.25149918,26.79342461,20.21521568,27.74450874,29.43186378
18.93126106,15.77575779,24.33420563,8.341952324,25.3898983,27.50135231,17.77284622,28.69061279,17.7951107,21.59170723,21.95286179,25.26955223,26.80372047,20.21752548,27.75293159,29.4492321
18.93728638,15.79536819,24.34883499,8.343596458,25.41327477,27.54132462,17.77388382,28.69459724,17.80747223,21.61376572,21.96116447,25.28708267,26.81365585,20.21972847,27.76104736,29.46607018
18.94309044,15.81453228,24.36301994,8.345173836,25.43605232,27.58044624,17.77486801,28.69840813,17.81947899,21.63527489,21.96917725,25.30410385,26.82324219,20.22183037,27.76886749,29.48239326
18.94868279,15.83325958,24.37677193,8.346687317,25.45824814,27.61873627,17.7758007,28.70205307,17.83114052,21.65625,21.97690964,25.32063293,26.83249283,20.22383499,27.77640152,29.49821663
18.95406914,15.85155964,24.39010429,8.348138809,25.47987556,27.65621185,17.77668571,28.7055397,17.84246635,21.67670441,21.98437119,25.33668327,26.84141922,20.22574615,27.78366089,29.51355553
18.95925713,15.86944294,24.4030304,8.349531174,25.50094986,27.69289017,17.77752495,28.70887566,17.85346603,21.69665146,21.99157333,25.35226822,26.8500309,20.22756958,27.79065514,29.52842712
18.96425629,15.88691807,24.41556358,8.350867271,25.52148438,27.72878838,17.77832031,28.71206665,17.864151,21.7161026,21.99852371,25.36740112,26.85834122,20.22930908,27.7973938,29.54284286
18.96907043,15.90399551,24.42771339,8.35214901,25.54149246,27.76392365,17.77907372,28.71511841,17.87452888,21.73507118,22.00522995,25.38209534,26.86635971,20.23096848,27.80388641,29.55681801
18.97370911,15.92068291,24.43949318,8.353378296,25.56098938,27.79831123,17.77978897,28.71803665,17.88460732,21.75356865,22.01170349,25.39636421,26.87409782,20.23254967,27.81014061,29.57036591
18.97817612,15.93699074,24.45091438,8.354557991,25.57998657,27.83196831,17.78046799,28.72082901,17.89439774,21.77160645,22.01795006,25.41021919,26.88156319,20.23405838,27.81616783,29.58349991
18.9824791,15.95292664,24.46198654,8.355689049,25.59849739,27.86490822,17.78111076,28.7234993,17.90390587,21.78919601,22.02397919,25.42367172,26.88876724,20.23549843,27.8219738,29.59623337
18.98662567,15.96849918,24.4727211,8.35677433,25.61653519,27.89714813,17.78172112,28.72605324,17.91314125,21.8063488,22.0297966,25.43673515,26.89571762,20.23687172,27.82756805,29.60857582
18.99061966,15.98371696,24.4831295,8.357815742,25.6341114,27.92870331,17.78229904,28.72849655,17.92211151,21.82307434,22.03541183,25.44941902,26.90242386,20.23818016,27.83295822,29.62054253
18.99446678,15.99858761,24.49322128,8.35881424,25.65123749,27.9595871,17.78284836,28.73083305,17.93082428,21.83938599,22.04083061,25.46173668,26.90889549,20.23942947,27.83815193,29.63214302
18.99817276,16.01311874,24.50300407,8.359772682,25.66792488,27.98981476,17.78336906,28.73306847,17.93928528,21.85529137,22.04606056,25.47369576,26.91514015,20.24062157,27.84315491,29.64338875
19.00174332,16.02731895,24.51248932,8.360692024,25.68418503,28.01939964,17.78386307,28.7352066,17.94750404,21.87080193,22.05110741,25.4853096,26.92116547,20.24175835,27.84797478,29.65429115
19.00518227,16.04119492,24.52168465,8.361574173,25.70002937,28.0483551,17.78433037,28.73725128,17.9554863,21.8859272,22.05597687,25.49658585,26.92697906,20.24284172,27.85261917,29.66485977
19.00849533,16.05475616,24.53059959,8.362420082,25.71546936,28.07669449,17.78477478,28.73920631,17.96323967,21.90067673,22.06067657,25.50753593,26.93258858,20.2438755,27.85709381,29.67510605
19.01168633,16.06800842,24.5392437,8.363231659,25.73051453,28.10443115,17.7851963,28.74107742,17.97076988,21.91506004,22.06521225,25.5181675,26.93800163,20.2448616,27.86140633,29.68503761
19.01476097,16.08095741,24.54762459,8.364009857,25.74517441,28.13157845,17.78559494,28.74286652,17.97808456,21.92908669,22.06958961,25.52849197,26.94322586,20.24580193,27.86556053,29.69466591
19.01772308,16.09361076,24.55574989,8.364756584,25.75945854,28.15814781,17.7859726,28.74457741,17.98518753,21.94276428,22.07381439,25.538517,26.94826508,20.24669838,27.86956215,29.70400047
19.02057648,16.1059761,24.56362724,8.365472794,25.77337646,28.1841526,17.78633118,28.74621391,17.99208641,21.95610237,22.0778904,25.54825211,26.95312881,20.24755287,27.87341881,29.71304893
19.02332497,16.11805916,24.57126427,8.366160393,25.78693771,28.20960426,17.78667068,28.74777985,17.99878883,21.96910858,22.08182526,25.55770493,26.95782089,20.24836922,27.87713432,29.72182083
19.02597237,16.12986755,24.57866859,8.366820335,25.80015373,28.23451424,17.78699303,28.74927711,18.00529861,21.98179245,22.08562279,25.56688309,26.96234894,20.24914742,27.88071442,29.7303257
19.02852249,16.14140701,24.58584785,8.367452621,25.81303024,28.25889397,17.7872982,28.75070953,18.01161957,21.99416161,22.0892868,25.57579613,26.96671867,20.24988937,27.8841629,29.73856926
19.03097916,16.15268326,24.59280777,8.368059158,25.82557678,28.2827549,17.78758812,28.75207901,18.01775932,22.00622177,22.09282303,25.58444977,26.97093391,20.250597,27.8874855,29.74656105
19.03334427,16.16370201,24.59955597,8.368641853,25.83780289,28.30610847,17.78786278,28.75338936,18.0237236,22.01798248,22.09623528,25.59285355,26.97500229,20.2512722,27.89068794,29.7543087
19.03562355,16.1744709,24.60609818,8.369200706,25.84971619,28.32896614,17.78812408,28.75464249,18.02951622,22.02945137,22.09952927,25.60101318,26.97892761,20.25191689,27.89377213,29.76181984
19.03781891,16.18499374,24.61244202,8.369736671,25.86132431,28.35133743,17.78837204,28.75584221,18.0351429,22.04063606,22.10270691,25.60893631,26.98271561,20.25253105,27.89674377,29.76910019
19.03993416,16.19527626,24.61859131,8.370250702,25.87263489,28.3732338,17.78860664,28.75698853,18.04060745,22.05154228,22.10577393,25.61663055,26.98637009,20.25311661,27.8996067,29.77615929
19.04197121,16.20532417,24.62455368,8.370743752,25.88365746,28.39466286,17.7888298,28.75808525,18.0459156,22.06217766,22.10873413,25.62410164,26.98989677,20.25367546,27.90236473,29.78300285
19.04393387,16.2151432,24.63033485,8.371216774,25.89439774,28.41563797,17.78904152,28.75913429,18.05107117,22.07254982,22.11159134,25.63135529,26.99329948,20.25420761,27.90502357,29.78963661
19.04582405,16.22473907,24.63593864,8.371670723,25.90486336,28.43616676,17.78924179,28.76013756,18.05607796,22.08266449,22.11434746,25.63839912,26.99658203,20.25471497,27.90758514,29.79606819
19.04764557,16.2341156,24.64137268,8.372105598,25.91506004,28.45625877,17.78943062,28.76109695,18.0609417,22.09252739,22.11700821,25.64523888,26.99975014,20.25519943,27.91005325,29.80230331
17.43067932,14.93755817,22.44627762,7.34246397,23.71553993,26.50318909,15.26383781,23.72058487,15.98723507,20.01659203,20.07302284,23.3497982,23.83113861,17.73117828,22.64187241,27.00975609
16.04069901,13.95515156,21.00585175,6.492408276,21.81098175,25.07231903,13.18130112,20.17688942,14.68304539,18.59273148,18.39060974,21.7509079,22.04453087,15.59731865,19.46857834,24.62381554
14.73995018,13.13174725,19.60932922,5.760158062,20.12783623,23.83301735,11.37671185,17.42155457,13.63746452,17.43251038,16.88742256,20.33358383,20.32061195,13.720788,17.19207764,22.52504539
13.4956522,12.39268494,18.25537109,5.107997417,18.61268806,22.67409134,9.758203506,15.10091972,12.69080639,16.38788223,15.48674774,18.98636246,18.65718269,12.0230751,15.31924915,20.63330269
12.29900551,11.70194435,16.94267845,4.512768745,17.22669411,21.55792236,8.273921013,13.03753471,11.79280376,15.40218735,14.15576077,17.68441772,17.05212021,10.45725822,13.64638615,18.89466858
11.14672756,11.04205704,15.66999435,3.960128784,15.94155598,20.47156143,6.893909454,11.1415062,10.92728615,14.45351601,12.87988758,16.42154694,15.50337505,8.994809151,12.088624,17.27272415
10.03684044,10.40446377,14.43610001,3.44107604,14.73661232,19.41033936,5.600234985,9.366485596,10.08871937,13.53317547,11.65216351,15.19556522,14.00897217,7.61793375,10.60992241,15.74273586
8.967708588,9.784885406,13.23981285,2.949850321,13.59672928,18.37236786,4.381599426,7.687813282,9.274894714,12.63750839,10.4688139,14.00517941,12.56700516,6.315123081,9.194326401,14.28777885
7.937817574,9.181100845,12.07998657,2.482664347,12.51077843,17.35669899,3.230398893,6.091669559,8.48465538,11.76477814,9.327421188,12.84930897,11.17563343,5.07857132,7.83416748,12.89614582
6.94572401,8.591880798,10.95551014,2.036935329,11.47053242,16.36270714,2.141118288,4.569684029,7.717184544,10.91398811,8.226159096,11.72694302,9.833082199,3.902673006,6.52521944,11.55962276
5.990039349,8.016476631,9.865305901,1.610820293,10.46986866,15.38987923,1.109451056,3.116258144,6.971784592,10.08443069,7.163475513,10.63710785,8.537637711,2.783149481,5.264708042,10.27233982
5.06942749,7.454372883,8.808329582,1.2029351,9.504190445,14.43774891,0.131817028,1.727230787,6.247807503,9.275517464,6.137960911,9.578860283,7.287648201,1.716539025,4.050492764,9.029998779
4.182600975,6.905170441,7.783567905,0.812183797,8.570010185,13.50586987,-0.79490459,0.399215549,5.544634342,8.486712456,5.148291111,8.551285744,6.081518173,0.699899614,2.880730867,7.829364777
3.328320265,6.36852932,6.790039539,0.43765524,7.664645672,12.59381008,-1.673523903,-0.870732367,4.861665249,7.717506409,4.193202972,7.553493977,4.917708874,-0.269366115,1.753736377,6.667920589
2.505390882,5.844141006,5.82679224,0.078560002,6.786002636,11.70114708,-2.506624222,-2.085283518,4.198319912,6.967409611,3.271484137,6.584621906,3.794734955,-1.193614483,0.667921662,5.543640137
1.712662101,5.331715107,4.892902851,-0.265807897,5.932415485,10.82746792,-3.296610832,-3.246919632,3.554033995,6.235945702,2.381967068,5.64383173,2.711163759,-2.075022697,-0.378227949,4.454835415
1.689706445,5.276590824,4.86682415,-0.257890701,5.912666321,10.82262802,-3.225414276,-3.240657091,3.512910604,6.19606638,2.359989405,5.6209445,2.701725721,-2.04305172,-0.377201468,4.454835415
1.667058468,5.222036362,4.840884209,-0.250209332,5.89298296,10.81779099,-3.155755281,-3.23440671,3.472263098,6.156442165,2.338214397,5.598149776,2.692320585,-2.011573315,-0.376177788,4.454835415
1.644714117,5.168045998,4.81508255,-0.242756739,5.873365402,10.81295586,-3.087600708,-3.228168249,3.432085752,6.117071152,2.316640377,5.575447559,2.682948112,-1.980579972,-0.375156879,4.454835415
1.62266922,5.114613533,4.789418697,-0.23552613,5.853813171,10.80812263,-3.020918131,-3.221941948,3.392373323,6.077951908,2.295265436,5.552837372,2.673608303,-1.950064182,-0.374138743,4.454835415
1.600919843,5.061733723,4.763891697,-0.228510886,5.83432579,10.80329132,-2.955675602,-3.215727568,3.353120565,6.039083004,2.274087667,5.530319214,2.664300919,-1.920018554,-0.373123378,4.454835415
1.579461932,5.009400368,4.738500595,-0.221704602,5.814903259,10.79846287,-2.891842127,-3.209525347,3.314321995,6.000462532,2.253105402,5.507892132,2.655025959,-1.890435934,-0.372110754,4.454835415
1.558291674,4.957608223,4.713244915,-0.215101048,5.795545578,10.79363632,-2.829387188,-3.203335047,3.275972366,5.962089062,2.232316732,5.485556126,2.645783424,-1.861309052,-0.371100873,4.454835415
1.537405133,4.906351566,4.688123703,-0.208694175,5.77625227,10.78881168,-2.768281221,-3.197156668,3.238066435,5.923961163,2.211719751,5.463310719,2.636573076,-1.832630992,-0.370093733,4.454835415
1.516798615,4.855625153,4.663136482,-0.202478141,5.757023335,10.78398895,-2.708494902,-3.19099021,3.200598955,5.886076927,2.19131279,5.441155434,2.627394676,-1.804394722,-0.369089335,4.454835415
1.496468306,4.805422783,4.638282299,-0.196447253,5.737858295,10.77916908,-2.649999619,-3.184835672,3.163565159,5.848434925,2.171094179,5.419089794,2.618248224,-1.776593566,-0.368087649,4.454835415
1.476410389,4.755739689,4.613560677,-0.190595999,5.718757153,10.77435112,-2.592767715,-3.178692818,3.126959801,5.811033726,2.15106225,5.3971138,2.60913372,-1.749220729,-0.367088705,4.454835415
1.456621408,4.706570148,4.588970661,-0.184919015,5.699719429,10.76953506,-2.536772013,-3.172561884,3.090778112,5.773871422,2.131215096,5.375226974,2.600050926,-1.722269654,-0.366092473,4.454835415
1.437097669,4.657908916,4.564511776,-0.179411128,5.680745125,10.76472092,-2.481985569,-3.166442871,3.055015087,5.73694706,2.111551046,5.353428841,2.590999603,-1.695733786,-0.365098923,4.454835415
1.417835593,4.609750748,4.540183544,-0.174067289,5.661833763,10.75990963,-2.428382397,-3.160335541,3.019665718,5.700258732,2.092068434,5.331718922,2.581979752,-1.669606805,-0.364108086,4.454835415
1.398831725,4.562090874,4.515985012,-0.168882623,5.642985344,10.75510025,-2.375936747,-3.154240131,2.984725475,5.663805008,2.072765589,5.310097218,2.572991371,-1.643882394,-0.36311993,4.454835415
1.380082488,4.514923573,4.491915226,-0.163852394,5.624199867,10.75029278,-2.324623823,-3.148156404,2.95018959,5.627584457,2.053640842,5.288563251,2.564034224,-1.618554354,-0.362134457,4.454835415
1.361584544,4.468244076,4.467973709,-0.15897198,5.605476856,10.74548721,-2.274419069,-3.14208436,2.916053295,5.59159565,2.034692526,5.267116547,2.555108309,-1.593616486,-0.361151665,4.454835415
1.343334556,4.422047138,4.444159985,-0.154236943,5.586816311,10.74068451,-2.225298643,-3.136023998,2.882311821,5.555836678,2.01591897,5.245756626,2.546213627,-1.569062829,-0.360171527,4.454835415
1.325329185,4.376327515,4.420473099,-0.149642929,5.568217754,10.73588371,-2.177238941,-3.129975319,2.848960876,5.520306587,1.997318745,5.22448349,2.537349701,-1.544887543,-0.35919407,4.454835415
1.307565212,4.331080914,4.396912575,-0.145185754,5.549681187,10.73108482,-2.130217314,-3.123938322,2.815995693,5.485003948,1.978890061,5.203296661,2.528516769,-1.521084666,-0.358219266,4.454835415
1.290039301,4.28630209,4.373477459,-0.140861332,5.531206131,10.72628784,-2.084211111,-3.117913008,2.78341198,5.449926853,1.96063149,5.182195663,2.519714594,-1.497648597,-0.357247084,4.454835415
1.272748351,4.241986275,4.350167274,-0.136665717,5.512792587,10.72149372,-2.039198637,-3.111899376,2.751205444,5.415073872,1.942541361,5.161180496,2.510942936,-1.474573612,-0.356277555,4.454835415
1.255689144,4.1981287,4.326981068,-0.132595077,5.494440556,10.71670151,-1.995158195,-3.105897188,2.719371557,5.38044405,1.924618125,5.140250206,2.502201796,-1.45185411,-0.355310649,4.454835415
1.238858581,4.154724121,4.303918839,-0.128645673,5.476149559,10.7119112,-1.952068925,-3.099906683,2.687906027,5.34603548,1.906860232,5.119404793,2.493491173,-1.429484725,-0.354346365,4.454835415
1.222253561,4.111768723,4.280979156,-0.124813907,5.457919598,10.7071228,-1.909910202,-3.093927622,2.656804562,5.31184721,1.889266253,5.098644257,2.484810829,-1.407459974,-0.353384703,4.454835415
1.205871105,4.069257259,4.258162022,-0.121096276,5.439750195,10.70233727,-1.868662,-3.087960243,2.62606287,5.277877331,1.871834636,5.077967644,2.476160765,-1.385774612,-0.352425665,4.454835415
1.189708233,4.02718544,4.23546648,-0.117489375,5.42164135,10.69755363,-1.828304648,-3.082004309,2.595676899,5.244124889,1.854563832,5.057374954,2.467540741,-1.364423275,-0.351469219,4.454835415
1.173761964,3.985548496,4.212892056,-0.113989905,5.403592587,10.69277191,-1.788818836,-3.076059818,2.565642595,5.210588455,1.837452292,5.036865711,2.458950758,-1.343400955,-0.350515366,4.454835415
1.158029437,3.944341898,4.190437794,-0.110594667,5.385603905,10.6879921,-1.750185847,-3.070126772,2.535955667,5.177266121,1.820498705,5.016439915,2.450390816,-1.322702527,-0.349564105,4.454835415
1.142507792,3.903561354,4.168103218,-0.107300565,5.367675304,10.68321514,-1.712387204,-3.06420517,2.506612301,5.144156933,1.80370152,4.996096611,2.441860676,-1.302322984,-0.348615408,4.454835415
1.127194166,3.863202572,4.145887852,-0.104104571,5.349806309,10.67844009,-1.675404906,-3.058295012,2.477608442,5.11125946,1.787059307,4.9758358,2.4333601,-1.282257438,-0.347669303,4.454835415
1.112085819,3.823261023,4.123790741,-0.101003774,5.331996918,10.67366695,-1.639221311,-3.052396297,2.448940277,5.078572273,1.770570636,4.955657482,2.424889088,-1.262501121,-0.346725762,4.454835415
1.097180009,3.783732414,4.101811409,-0.097995333,5.314246655,10.66889572,-1.603819132,-3.046509027,2.420603752,5.046094418,1.754234076,4.935560703,2.416447639,-1.243049145,-0.345784783,4.454835415
1.082473993,3.744612455,4.079949379,-0.095076501,5.296555519,10.66412735,-1.569181561,-3.040632963,2.392595053,5.013823986,1.738048315,4.915545464,2.408035517,-1.223896861,-0.344846368,4.454835415
1.067965031,3.705897093,4.058203697,-0.09224461,5.278923512,10.65936089,-1.535292029,-3.034768343,2.364910603,4.981760025,1.722011924,4.895611286,2.399652719,-1.20503974,-0.343910486,4.454835415
1.053650618,3.667582035,4.036573887,-0.089497067,5.261350155,10.65459633,-1.502134442,-3.028914928,2.337546349,4.949901104,1.706123471,4.875758171,2.391299009,-1.186473131,-0.342977136,4.454835415
1.039528012,3.629662991,4.015059471,-0.086831361,5.243834972,10.64983368,-1.469692945,-3.023072958,2.310498714,4.918246269,1.690381646,4.855985641,2.382974386,-1.168192506,-0.34204632,4.454835415
1.025594711,3.592135906,3.993659496,-0.084245056,5.226378441,10.64507389,-1.437952042,-3.017242193,2.283764124,4.886793613,1.674785018,4.836293221,2.37467885,-1.150193572,-0.341118038,4.454835415
1.011848211,3.554996967,3.972373724,-0.081735782,5.208979607,10.64031601,-1.40689671,-3.011422634,2.257339001,4.855542183,1.659332275,4.816680431,2.366412163,-1.132472038,-0.340192288,4.454835415
0.998285949,3.518241882,3.951201439,-0.079301246,5.191638947,10.63556004,-1.376512051,-3.005614281,2.23121953,4.824490547,1.644022107,4.797147274,2.358174324,-1.115023494,-0.339269042,4.454835415
0.984905422,3.481866837,3.930141926,-0.076939225,5.174355984,10.63080597,-1.346783638,-2.999817133,2.205402374,4.793637276,1.628853202,4.777693272,2.349965096,-1.097843766,-0.338348299,4.454835415
0.971704245,3.445868015,3.909194708,-0.074647561,5.157130718,10.62605381,-1.317697287,-2.994031191,2.179883957,4.762981415,1.613824248,4.758318424,2.341784477,-1.080928802,-0.33743006,4.454835415
0.958680034,3.410241365,3.88835907,-0.072424151,5.139962673,10.62130451,-1.289239049,-2.988256454,2.154660702,4.732521534,1.598933935,4.739022255,2.333632231,-1.06427443,-0.336514294,4.454835415
0.945830405,3.374983072,3.867634535,-0.07026697,5.122851849,10.61655712,-1.261395454,-2.982492924,2.129729271,4.70225668,1.58418107,4.719804287,2.325508356,-1.047876596,-0.335601032,4.454835415
0.933152974,3.340089321,3.847020388,-0.068174042,5.105797768,10.61181164,-1.234153152,-2.97674036,2.105086327,4.672185421,1.569564342,4.700664043,2.317412853,-1.031731486,-0.334690243,4.454835415
0.920645475,3.305556297,3.826516151,-0.066143453,5.08880043,10.60706806,-1.207499266,-2.970999002,2.080728531,4.642306328,1.55508244,4.681601524,2.309345484,-1.015835047,-0.333781928,4.454835415
0.908305645,3.271380186,3.806121111,-0.064173341,5.071859837,10.60232735,-1.181421041,-2.965268612,2.056652546,4.612618446,1.540734172,4.662616253,2.301306248,-1.000183582,-0.332876086,4.454835415
0.896131217,3.237557411,3.785834789,-0.062261913,5.05497551,10.59758854,-1.155905962,-2.959549427,2.032855272,4.583120346,1.526518345,4.643707752,2.293294907,-0.984773278,-0.331972688,4.454835415
