distortion,p1,p2,p3,p4,p5,p6,p7,p8,p9,p10,p11,p12,p13,p14,p15,p16,p17,p18,p19,p20,p21,p22,p23,p24,p25,p26,p27,p28,p29,p30,p31,p32
0,-19.9210391300722,0.0578601938638599,-16.8390048456047,5.53425865784531,9.57918618202984,-4.36636168131299,-12.295988210934,11.2260289612129,0.794090888484746,-12.7989530576674,8.19676514703701,-17.1213586348376,14.1567294120679,-7.33499974107146,-3.40637904057375,9.40124066685109,-11.1699364258351,-5.20365913740309,-8.87549249897305,0.479538078592455,4.39627824882666,-9.10849837422437,-2.77240131278832,NA,9.45583444775295,-11.6004547153532,0.19024792928883,8.71287820111726,6.9170021301383,-4.23950931238701,NA,3.61501652644499
0,-21.0675875699259,3.05148176623767,-17.7254478387028,-4.08049534058847,14.7132183894599,-3.5998077231628,9.28782312722279,21.0784538703536,3.25683128135204,23.4480761306197,-0.670158170861725,-31.4630177909087,-19.6597926971807,3.52537898623277,-7.57589890575487,0.644363723847945,-13.8087344973806,25.9462891078432,2.53310009754453,0.827327622093179,1.11192793826361,1.37985558253844,0.569485557964327,7.91727497891283,1.3749304996759,-11.4656640298057,-2.27030777285589,3.67174094081957,9.12367705867312,7.83899641548786,7.07366837179742,-7.0274348011524
0,-12.5584802716271,-9.0465045094595,-8.90769739743153,-10.236422935113,3.13476302180166,-3.45487893551102,10.5006800583054,-4.30479930499494,4.80315479325971,13.1806286384946,12.3400018965161,-20.5222550284584,26.7206557259753,-1.24132764703603,-3.51774103954281,3.240197194183,4.45696464130002,NA,-0.134626736153507,-12.6572508062944,-0.894146001333496,-7.99693213492409,-13.1005431369385,7.11498971740951,14.9487509765682,0.547768059847542,NA,10.9900745654781,13.2334133130843,-5.77921165813908,2.67665392049429,-20.3489534057601
0,-17.9009368268813,2.81982850707286,-7.7816056317463,-15.0086342141242,-18.9285564333164,0.119616947282609,24.1303323631592,6.17816422904504,4.59072229357092,6.85461023854066,10.0939470896074,-16.4301617736439,-5.11399158568878,7.30353760526052,-0.879057329993756,1.68688515365449,0.962493048231252,21.323592639701,-8.88758222532539,2.57568264996418,0.487663259502106,2.52628564250654,-2.18634506799494,0.261608634787819,11.8421542073272,-2.66493061826804,7.023355361602,10.8779409992714,7.14802871666682,-8.59407893628118,NA,-13.0815744045644
0,-18.8899138117148,-10.3967187826906,-14.1869431952419,5.52449712161017,-15.486526924965,-5.60454284853714,4.44056966864059,4.23727336373506,-4.09122100144619,-7.80788370923688,3.80187297996261,-8.27388735078068,-11.2126981342916,-3.13218636752256,6.64567913233604,12.7684745184541,6.21803943893232,0.652922790581712,9.92596771226724,4.48032414611097,-6.51673585285165,3.49705065600735,2.82784415526807,10.6919292353905,7.67624062249033,-17.4628174664369,-1.93637380181379,2.05476786258933,11.382935914535,2.80043615667759,NA,-10.126107075155
0,21.5764120465024,-10.9455797844066,-17.534517919908,-15.3804314564931,4.30070323613027,-4.9911356499784,19.0112288345547,-1.72265166215789,-1.06746182709387,2.1761664982631,-0.355341007497913,-21.2708395196695,26.5577058207465,-9.59546367921376,0.352214918057754,-0.256207303557034,9.63307898708305,6.53779208351041,10.839382022325,0.246987870467265,7.63684152985705,-8.81253930732662,1.84828798945929,-5.44307612941384,15.7645137197289,-0.0338144113335233,4.59894084933777,-2.6484823639455,10.830594874917,0.0836589406076342,1.84704014695322,-13.0641326807663
0,-20.3414524260786,-10.6535401875664,-23.1715322122614,3.94219873914727,-25.2423343861466,-1.94360615243821,-2.94422632806457,8.83217020735984,-5.78851999020939,11.9893786612226,-1.52161252983458,1.42868161819473,-14.952944165723,2.39491160566949,7.13020395974499,5.68625256707264,4.57133965105284,NA,-5.40883026775543,-1.38357997129604,-3.84088660889942,13.2755590059853,20.0941828997754,NA,-7.17180126800372,-3.6650079822159,-2.88869767499506,2.9673851329033,6.31620630221892,0.743000268233914,-5.23878050839373,11.1153851301005
0,-12.6484220885808,-1.04895824348712,-18.762794436164,-11.9407003095107,15.1475944655708,1.07816127939107,2.21211952889837,-0.663105632368357,0.647117665245091,NA,6.82686726935209,-22.6556884197611,14.8681798813537,4.42699143366052,3.97919628847244,-4.15582430364804,-8.59115856712623,11.5881982298054,-3.29282716528935,1.39048074826985,1.90641161871028,-2.4768661518147,-3.26685051115719,10.7403109391845,-4.62487247361892,-0.910651318912855,-3.35580374295363,-5.40908361486354,9.82803303431749,11.6309650362591,5.12604564150926,-8.74748183623356
0,-25.5486385234698,-4.21239704485393,-7.63999900627751,-11.0580485855062,14.7132183894599,-6.32731857036902,-10.9938246324423,5.49077937786928,-2.9824794604074,NA,12.3921605171203,-12.2283132181918,1.23362238525391,-0.557650096203361,-0.639295426130744,-2.83015763409861,-6.36568474851644,12.023209572951,-6.51356874908494,-5.62529848914069,0.702253855435089,-17.0307633053622,-7.43417637876397,14.8048099968911,-4.54190259060582,-4.86160859969728,-10.1140727517812,0.508682246018537,12.3164544464652,-2.5143864075193,4.54796194249361,-11.4777230837323
0,-14.7526550218259,14.7264384931557,-4.52671734800241,-6.68002706658864,-21.487989882552,-6.16029398291629,NA,8.3080604223445,-1.60283667173723,NA,9.24988128409659,NA,-15.9004077899241,5.6245917569014,8.43108087813606,21.1016438935904,-2.01437130863007,13.4650592980632,-4.40996816540631,1.28311569002042,8.00865674379357,-0.497839000490032,0.764413915207314,12.6998826028604,-0.406717782241074,0.913667236065137,-4.00441792094529,0.818293637949566,15.2365350448042,3.18293617213038,7.07975614273104,-4.00454240032509
0,-18.7904022844475,-9.5939046500784,-19.3095346463279,-16.8140943528712,24.7598551015193,-7.04838605663342,3.64474735320819,-1.55950846184557,0.426102092085898,3.79964536130728,4.35804667190304,-7.49719722699935,8.71631474323972,-2.51044405674915,-1.69239513690498,NA,-1.16683176354404,-11.514546945835,-6.47153737353946,-1.83918532097586,-1.15413460539123,-11.8927785561329,-6.03288793519759,8.23146648246201,1.49471336790062,0.33516668052188,-5.6283933362145,-8.28040521153382,7.56204512948567,3.68195255124287,-4.58371829762299,-8.91591200693955
0,-7.34290009792187,6.12083115293792,-2.22263814969217,-19.0789415564372,1.5615450967048,-6.26775425071387,NA,15.0234805017795,2.04449763914324,-17.3860361941025,6.71525469598897,-20.4191932837284,22.5312279604247,-9.10807212003497,13.5660928766518,3.72052563922638,-3.61605962821335,0.926997500758077,2.94824877636874,3.30001471731005,-9.41259101213983,3.30393804062201,1.55956286018237,10.2850609870509,7.81590105002824,-6.8123707752535,0.135119584075838,-0.858871596841936,22.384858907609,-4.8077861691926,-4.33780337238785,-10.8276112936507
0,-20.4683455372485,-12.6969335086828,-8.07734761939341,-15.0672894722574,17.9786320701087,-11.6465635104605,NA,7.09346260079508,2.38056011429254,-7.36235875851081,-5.3311732730742,-29.0254519288477,6.56773909026874,-9.2763439104686,-4.94601908701922,8.51685574571655,-1.98410936185039,2.95730441057754,-1.73355528986491,8.04894055575483,-0.426667388245136,0.77690054393922,0.422760707932767,6.76663273006139,2.53150308362575,3.8133118497455,4.68474631712846,13.1390443508544,14.4019202490945,-3.78369657510478,-3.17813277282848,-16.7030814903597
0,24.0508476815526,-25.6967899315647,-24.0449151522796,-22.6965410631031,NA,-8.3699619147189,-4.13234828987409,1.96839159264353,12.3000452576454,3.76863055978416,12.188436233232,-20.6372288298471,24.3780661391697,-1.5089818065034,3.97002037916653,-5.98255622550176,-0.722588560901727,1.30277280862371,0.974083702538188,0.627018543146448,6.71115517872512,-6.94384412201085,-2.62726697938525,6.06533824515228,0.125974175805936,-5.8951222834838,0.571302665763483,7.62625677520464,8.1869378158074,-0.0784989622337804,-0.726454656402822,-9.65493295275969
0,-33.9920865553833,-8.43815666659677,-8.69844379189355,1.16249094683793,-5.40314157387175,-11.4229928040609,11.1179633488633,5.17186153989843,2.09592184441328,-4.56608057477037,0.812987538734077,-19.6178555270163,-20.1278894147871,-8.51223724283275,-1.01440294440442,4.90060396507192,4.19283282417325,5.97427413845898,-0.0884701301831541,5.56247452599867,-0.741082425438023,1.22353814852107,0.787214424061489,11.7218822986636,0.684220412334867,8.812176983288,-1.01557703867638,11.6533124241491,5.66923118171216,NA,1.01628559932956,-4.19020664132296
0,-22.7176760882494,20.5848628349959,-11.6418696665812,16.4123615184663,-3.27168761705205,2.36075511510276,-0.181029391639612,2.82913411275621,4.07995109598767,NA,-8.39413879442588,-9.30278474779192,-9.42840738548743,-6.02818701199982,20.0067371787395,14.8868839337456,1.81282515748644,17.1268898474768,-10.6419909610525,4.98883076873821,5.11426782738076,-1.44971635578446,14.9785147912373,22.355309388262,15.5949908974805,4.2948582076707,0.591302788728697,1.75610086214952,6.71466947292676,9.09267363298048,3.14022087905202,-0.747590559168955
0,-27.0670392346791,-1.76181144883995,-9.58204061390714,-20.5998544919401,-5.95910629086757,-1.51401304134622,8.24235201108124,NA,8.72438975573183,21.4273488510677,-2.24169087689879,-24.013188400979,-1.30429542062657,12.984271517978,-6.93191549849291,-3.73212788400689,6.99996278364007,NA,-4.3718429855557,4.00575075667621,-3.53549424272236,-6.98533206816177,-0.0735320236236987,6.22411416375344,0.0989596104615913,10.9443467774719,0.0232992822355271,7.25805789003685,13.2720282430935,-1.94033804752594,1.78027043179466,-1.21471984746493
0,-18.8740052759842,-8.49000385161135,-13.9786485863938,-11.0565541300789,0.448956299721388,1.42463471583641,-7.0205793519698,10.9750497042835,-4.20207699417166,-22.4380062328502,6.56209591925901,NA,15.5986926552464,-15.7592879328458,7.35539316865588,-8.93216330655537,4.76954195749036,-5.9931534953075,8.19460147410301,3.39134213444505,13.0872350629295,1.66544994764979,9.66101452209114,15.1124453828062,3.49147800034294,11.7996837926419,-5.95583381127474,5.28928262321324,15.8852736065725,-6.33558948233321,13.4063152856232,3.46186056814921
0,-25.8435891181775,-13.5424213647538,-8.20932393530973,-26.9095242460395,-0.342472821809451,-8.0187381186757,26.200865445583,5.40249205712659,-6.12209458344977,30.7223193524162,4.85545838251385,-17.5464919955977,-18.061323727316,2.67727937225962,6.70915927944935,-0.481645978266911,1.91849832675817,16.7538451827847,2.57845479054176,1.66135961024804,3.13319172848903,-10.7050434547839,-7.19680819814094,-1.30965633162751,-7.99383490267772,1.99926413143116,-7.12436436761797,0.417279078230109,-5.0335107644711,1.66024433296501,-1.87178542073404,-11.0632212565935
0,-13.5418615193638,-10.3598800616186,-15.4716766184239,NA,3.98454091291748,-5.93253769691769,NA,1.75588009621725,5.07000680332712,23.4681080281196,10.5669891742415,-10.5681157880483,19.1695406114079,-11.2661875957723,-15.0360500262393,-4.87246413994789,2.34250870150562,15.5760727539835,5.63190965809648,1.25614666887935,11.193447318458,-9.765872478936,-19.9484397865756,-5.69405239026918,-0.189305029177106,11.521454012494,-2.32635365501116,4.49765584733248,20.0067371787395,0.970869716064698,-1.45237907310243,-14.1937302385384
0,-2.12806549178575,-16.6499295509068,-8.4389603227022,-8.828025186536,-7.72800082771242,-6.11923643223241,NA,8.41589673761949,4.64228281012652,-3.64509572611306,5.05702727280371,-12.9439904775228,10.2431886495267,-6.34587325910104,2.1757825059962,10.2146160473132,0.00491417221243751,-16.8238806102745,-7.06467691346812,4.46885997737982,NA,-5.52010404236417,-3.67746393852113,-5.94942878759042,-4.59124386871845,14.7404260977725,4.25737414136924,2.50719652243222,6.78454151300912,1.45060620818742,-5.18178187633441,-6.93122867892595
0,-25.0995335311999,-11.5043852321192,-21.1752285878231,3.29899247328248,-16.6146335159419,-4.75333060788914,11.9725860522561,7.48069963472263,-0.137088699177625,13.3654458695487,6.85367743965593,-14.0027848011457,-8.30575926154308,-8.53354028090617,15.3160813438596,1.59347762914884,-2.61292968814793,-0.471051393398298,-3.79079449825599,2.85086617271736,-3.13992203823175,-4.79621620875629,12.1193362191589,11.8459053769348,7.02721163656486,16.3229182804721,-2.16318743348836,14.9004167078873,-4.43192548306273,-0.575064079112011,6.6304860418942,2.0914605215885
0,24.3047429835982,19.6513185352333,-12.4917988531685,-5.49116165220701,13.651999848865,-0.649719060214764,-4.11549472893381,5.47267962921762,1.74165155215834,32.4522541414995,11.1883624642322,-15.6933370691089,21.1814082814496,8.24140028547879,-17.3518585470146,7.13049161194931,-7.53785186469587,18.4327803636451,-5.33897382115168,-10.2191830768206,NA,-8.53028150149076,-22.3536464507066,-7.24176249037183,-4.38156319077936,3.08964823528984,0.424319604249817,-1.11488338026988,13.5453490646028,7.42383370551113,-5.98300471429971,-17.458869807307
0,-21.3069544952287,-8.87885638029441,-4.91975262563227,NA,-23.1500802444468,-16.14844745333,-3.48428740450156,9.54257633639736,5.92282879015934,23.8703193745492,0.293205248040763,0.776437579804281,-17.5055357241472,-0.817268787042551,19.28170076542,-3.83403783440117,-1.13950692026229,NA,-8.23988732990323,3.42163812242572,0.576292850374031,7.84161505258777,18.4200563186344,18.3342765070172,-6.76150332300527,-8.91846130220631,-1.7055370200905,5.01903249768216,15.3116880756884,5.90636764833864,-4.10846986920279,1.27909281545367
0,-27.4221189853078,-6.29478228771241,-15.0261286271771,-5.05648522051291,-13.5697030109832,-0.659198582239981,4.69801896980016,13.31298872249,2.2405293575179,NA,-2.56488234952427,-0.301564308326263,-15.8633428548396,13.169623662982,11.7991700088693,-7.41855906704473,-0.721183148979051,25.1442266611151,-7.81216160846587,-0.483751727865638,2.9865650335289,10.1351288546246,7.9646306392091,15.1077202817005,-4.10083445963759,3.644592569336,-5.64228676689154,12.9390578353472,-9.92436837929872,3.47630953628129,-3.7278291128904,-2.77388901693138
0,-21.1750417526306,-2.90201630649432,-3.70103326747103,-17.8836718441234,-3.11088005583038,0.621134718651035,33.4071891623504,6.94059517221512,0.514966041334105,11.1911924602014,7.83173516705585,-19.7024433288279,-6.45171782276348,-5.93565763858723,-19.52881180466,3.35805038868408,-0.472676464228712,17.7160658384885,4.12490185301434,-11.0039120798028,9.45609168838976,-10.1634304508009,-19.2557870011932,-5.8385688092919,6.41092589725064,-1.18716449725466,-11.1396787663148,1.2864523430064,10.8323666205802,-3.32863336961002,3.06186508003034,-18.0334814129002
0,1.19288781606718,-3.17001258796217,-21.9103658036301,7.98494999784123,3.66115001092993,-1.19926658872259,10.7152018009282,6.39674043681582,9.64521290995377,-6.03640326170639,4.46661755270209,-12.9838042396412,21.2777182779735,-8.80723032628384,3.58494802663775,-2.21837008897113,-7.17159885711229,-14.0405197691876,-3.58526659559411,1.79875475948488,4.5522197887521,-1.05763519259084,-5.52892388386739,3.79842571193959,9.85137551016047,8.73560712962673,-0.318597271715248,5.64102332134402,18.662421936833,-5.78048966013834,-4.99041692070702,-6.43812378275202
0,-19.2800585728369,-10.0505409525964,-10.407437886322,-9.43092942166258,-15.7748771430691,-8.6812287246306,NA,13.7941740557506,2.19609044584908,NA,10.1234293549885,-20.1455137473926,-1.03127573545561,-5.78246272738164,-13.6630072513378,NA,5.29280946059707,-11.4616075306773,11.4854342142193,2.34884322834348,0.660008038140759,-16.3575371840355,-13.8908502729745,-0.790950530323059,-2.13172015975317,10.4727810229504,-2.51648796832188,17.3442759054497,12.8841060718941,3.6456079721497,2.90509140189069,-7.14446476340687
0,-0.282957021869066,-13.6518705516894,-5.31006301839329,-11.7191001766084,0.715691845941251,-5.44841276437857,25.2931778797721,18.9597950589651,4.45438076780692,-1.15655709823329,-0.725297750332658,-13.7742984107993,20.0881555031673,1.49690240724827,-11.4050492781471,4.56954524911473,6.15539219990669,-2.91215112561451,-4.46300503197344,-3.18015220634078,8.03397659227582,-22.8802722415488,-23.7253422258566,-3.34096105549604,-2.08299481389076,-15.4503570063298,-11.6137016504924,4.48090226277672,17.9060056255223,-0.425641208336138,0.245238039713044,-10.221288730798
0,-14.6137848416544,26.733636729652,-12.7608747454823,6.64515205196852,-3.86780216082123,-0.309354317821374,4.23174519841454,8.84840444768479,2.16711450339476,37.620314713701,-3.96896533477458,-14.1601084151824,4.20349783440726,3.8990770496515,NA,2.57324530855638,7.86105333211967,13.1884682109604,-7.27002821427605,11.0944785619765,NA,-6.45467734065544,-11.1764174345011,1.04555070495914,4.82411744030311,5.90178589131423,5.75826304486004,12.1500424530811,18.1869378158074,8.83658403994566,-0.251470804830291,-6.05193647829924
0,-30.4270989384347,-11.8260482084338,-3.88630532405236,NA,-14.9499195413678,-1.1178899147752,NA,2.56699078935654,-16.069923369966,-1.96649966479384,3.80830976301129,18.793759191955,-26.6118287432247,1.20097112925561,18.4864643831768,3.69101592435962,5.95837672303286,0.653173416266995,-5.28378682674624,-3.06444136130084,-8.3209785886649,0.71186466324103,20.3784110291949,26.2617116816427,6.2458800503246,0.465842403245119,4.12256557203972,-0.674367931148112,10.9340804491209,-4.68787280839565,-4.05258405413555,-5.50006397216005
0,-20.4381438305204,10.5887980986232,-18.7721274485988,4.20426374776306,-9.24372416539637,-4.03770116990195,-7.02675329625862,8.56159250863395,-1.5490661420806,21.1006704867696,6.1343762302601,-13.1178217296074,-21.9359848703137,3.93565269303279,5.59063871952111,-2.47119229084849,-4.28084271995624,-3.57555505322382,8.69485884099135,-2.77234945168045,12.0471889182525,2.20216819169188,10.3793579419397,19.2198433366552,-0.0849564840903696,-7.74439546180544,0.892255752450872,5.28824337188824,21.3244280459017,-5.89878199040372,-3.11421870063989,-5.63658976291308
0,-32.4207225058053,-9.60257410964975,7.17732652719413,0.916957850111629,-16.7886311803223,-4.88882869118343,0.97640653569168,1.77217150128632,-3.58991941687731,NA,6.00401238358967,-16.0868705387056,-10.6029100804579,-1.69051370702543,3.6350973654172,-1.04114433124037,3.88811814941616,NA,-0.889930316014699,0.307540376817983,7.24823252349129,1.93129402708863,13.193937045362,7.84534536713815,-0.350910950528359,1.12114125234864,0.473369772738479,6.17001627540445,-9.68994266779372,3.96165419204422,6.27233195034282,-0.375592107584893
0,4.58300529814788,-18.7086871483932,-19.3509056571436,NA,-4.42648217908298,-7.71788512101773,-4.89812335938012,-0.361889000686588,2.19434170372641,27.4548602851603,-3.27814454760273,-24.4126383248621,22.5328444695722,-10.4529392470847,NA,-8.94561407129559,0.372696803842757,-4.12468194877842,-7.09952460399109,1.03592447774689,2.20487162410421,-1.24341636461095,-14.9955836252862,8.63267595818576,4.67990320501241,10.7710754563489,2.35970946007775,5.27521280604162,18.8954661479047,0.0326418335141341,-4.76835474561265,-1.34357152423767
0,-30.3706352026517,-3.35960966739972,-11.1292315257905,NA,9.09640470709778,-11.1963911015188,25.6579874536689,3.10576909847038,-9.54229805330327,38.3721920071305,10.9783972812051,-19.4656572041677,-6.02833139650612,9.04780620124637,-15.5650384085639,2.64000997969725,4.58129532375666,24.9912989843816,9.45021213388003,1.42767587457085,6.27113130173593,-4.71932913649301,-14.3603467804461,5.61963413576343,4.95869594373693,7.89405773444277,-5.19238415535497,10.902350421456,-4.84102874354392,0.682687009854078,-3.3689294003444,-12.4846452204768
0,-7.20349795217717,-11.8689532537888,3.08086621704456,-13.3752386231967,-0.561361571832393,5.87781576541363,31.4460195291252,15.3077546489518,6.56687223695224,-16.3071329408659,7.42475221532214,-16.7690351128919,14.964732650365,-8.55568075777983,5.15080041682603,4.69153086822195,8.99828228211564,0.821521372582737,3.25802961470689,2.07662569494224,21.3362159489236,-1.85931920728066,-28.4433778579216,0.458913083697112,0.847090510249672,-1.7057308448043,13.8217820455316,16.2931430605272,9.74741932979937,-2.96239266590893,7.28464684541729,-8.03382655103253
0,-7.27393149846827,-10.0782923769096,-30.0696631578856,-12.1385586673408,-9.2626797393265,-6.60807171818738,-4.53986858735286,-2.62005763135296,-6.05977192980666,-15.5161008409956,0.748067913055827,-14.7768176460909,17.8406187495192,-9.08804291555262,-0.942377507900318,3.8780480079911,0.464998833125634,-16.1680329880744,-0.0950669975201421,4.59756357196719,4.55867357754693,-11.9514465225024,-22.0008703770929,-0.743259798507722,-8.15115781244064,-4.15018776750513,-8.32522796388107,1.77487460482388,9.18786693332517,-6.0248687871523,-3.82111475747804,-4.86258371220307
0,-25.0566931752249,-23.9196335610178,-15.974938736738,8.42960527955529,-11.1925749143341,-2.41160796213853,11.7699301216384,5.2630964412495,-3.96990185343284,-26.0504239517902,0.806917208109979,3.20018086235109,-16.8553097187683,-13.5456832054019,NA,7.37425808733116,-1.31971190184713,-9.66170663372259,-2.16160636368464,8.03017981061805,2.08064796781149,15.6721558074259,19.6978749857527,25.6323593973767,-2.57968336434806,10.6652410833729,-5.21778140900949,11.9245838905153,7.67566327406053,-0.00855759000448586,1.5491208987637,1.64958484724251
0,1.25460913388977,0.603243342153561,-1.01706102622434,-10.5630641490125,-6.9954832869464,-2.98432438137297,34.3818493312799,1.32586168393479,3.58760249755645,NA,-5.36425780261563,-18.4181570712322,16.1681611644814,8.09313722517437,0.869197553632674,8.30141392078372,-0.066236920088329,-4.00150025933061,4.54740040779851,2.91566673928243,16.0656084794886,-8.49573328079582,-3.51703219073198,-5.0015391787714,-0.078553416217332,8.81765976921427,5.95742505862196,11.2554780857101,10.4480602101145,6.72589601380832,-3.15635070272177,-9.06156597571615
0,-34.2438080535897,29.6535960822949,-8.52958261075064,-0.573113363817427,-2.05252288416362,-7.69151794637128,22.6534356350872,5.29635535182265,-13.3504083220393,20.2470791247955,3.36873366542906,-6.42318509503073,-16.6246143256027,7.17016415961581,12.7632623843149,10.2691047520317,-2.32277067921904,5.77081740092305,-5.33590801411911,4.33658731204214,6.51312162310835,7.94904281258881,-2.6681044669651,33.1498797647881,-0.725211306681445,-10.9327523389224,5.38088581651979,10.8698594185706,3.51195813948731,13.7559478405896,-1.56289497368448,-12.5143351822122
0,-14.0721902666878,-13.1786437557282,-1.18849297451479,-20.0902975369783,2.56281967393927,3.59073333118651,-3.12714918334302,-4.1793549655128,-5.74290058680322,-19.178600821788,2.19756977001929,-12.7201421370833,-4.54579958182175,0.253301480594601,9.36809349268297,-3.60018281585445,-2.26084904980496,-0.781687082822366,-4.67617273433247,7.79231485781651,10.7740462358194,-1.55475686729149,4.86021363972097,-1.98888262499307,5.57384228938525,-17.4808340246568,-4.98548190315589,2.53150308362575,8.14229898967731,-5.8801599805691,12.5434546671812,-14.3396011922178
0,-28.2481460299166,-7.05413618377322,-14.1240557396807,-17.5675326278739,-4.00477814920452,-7.41144767115328,10.6269199949934,4.9341471999664,-7.12031302074855,-0.422278366623061,9.62847701198129,-17.1378787036488,-6.36379468238214,-8.38201361252233,-2.75710081202647,4.39895752956728,-12.2199602765496,NA,15.7430207137814,-7.08744057482849,4.46116800526337,-9.50664295900663,-8.43237419369025,-6.64825742389583,2.10507858815555,-4.20784084837761,-16.2780344479251,4.9984608212286,4.75411825335546,2.6336443810752,2.71087569327045,3.330371838603
0,-0.153508470275057,2.23149116032504,-20.4900047455826,-12.2686452462454,-3.62579576632668,-5.50751643044207,-1.19259630441329,2.22286414488359,7.09136540936295,10.9601565118945,-4.55968961707108,0.617453819010422,7.3857150346395,11.2250078281107,NA,0.694864048560547,-1.07670091487466,7.84387694105219,-8.38957448441199,3.42338052582296,14.6039263289019,7.54050001857897,1.90379015547872,22.7964724452342,-4.29058780987927,3.92623617410503,-5.61520717830441,7.16303894638197,9.14582475001097,12.3881950199491,-9.28227974576012,-9.67880293951367
0,-11.3262137649317,-11.4566464355461,-6.39612996655191,-7.28452328237712,-13.5585570897023,-7.50480495484031,31.3989860936452,-5.24864876162682,9.92485858941428,10.6355670081455,2.72699465580622,-11.0076236656656,4.39610690845623,0.283885276846945,2.19188995531061,-0.0061869122985172,3.08876299359008,9.59164264093086,1.30112545161784,-9.41611072062395,NA,-19.9836611446506,-16.2455120434513,8.8778609309961,5.53787450731663,6.06225861498766,-10.2032706367894,2.11317828179265,2.16482040130499,8.22813830417388,5.58716482808347,-12.3904642183262
0,-18.5931181568284,-14.0403827287795,-6.60286043043703,-16.6324035475648,-4.75902800991845,-0.905993480518788,34.1323679055768,3.55256995410538,-2.29047402167748,-2.01262140197839,3.1854633566852,-15.321632293465,-9.95762271786634,-12.1875227921988,8.1171419629156,0.0160490601151793,5.22592471650253,NA,-6.09806645633964,5.72579433127365,-0.245411148810291,-3.84524055481793,-3.08264074786322,-1.08124842821825,10.612957784888,-4.0793511359043,3.55599041190058,17.0576177173819,-0.686358927961336,0.327587621718251,9.58017152314889,-6.04632447078954
0,-22.2178359923402,-21.0660810510706,-21.3125074495033,-15.1308532564097,-12.1801741423707,-8.21879905008264,2.64615787327746,9.23215170425439,-3.32190491433217,6.04815246049337,3.96274840597974,-18.5482975563728,-13.3298693168821,-1.58541497796389,8.88535529445087,5.3456615176039,5.85298462531814,17.2506810994145,-2.16271447827273,-3.58570995491995,9.89365762657989,-7.05034162351201,-4.67957174048448,-1.32368041788262,0.146524450554381,6.95277357359053,-2.11136777079169,4.73260156553771,1.5083496203432,12.9540089098415,-7.68762089655944,-18.1637295925984
0,16.9512062946703,-20.2905823535955,-6.35593303489298,NA,-8.46499545921864,-4.15434972522428,-0.0561530837752144,-4.70774248334602,13.3662592977695,-6.30192080963785,0.169427547710256,-1.99951853764864,37.3198696974849,0.863540859825008,1.78402049119842,5.11786527634651,4.63305428777062,-0.747445135328149,5.49268463249349,-1.01157107322919,4.27238725057094,0.918528567254867,0.64136753930066,0.205155448590304,-3.32605143508144,-5.11687921282032,0.4511695597581,7.35831335705136,5.87182321284438,-1.24715027880982,1.64412989223561,0.00468922286187023
0,-20.5040315159131,20.2190145345931,-7.836059084487,16.2679466408006,-10.4440115173342,-2.37987912217535,-6.04253283742916,0.939009262073355,-2.64481698449475,NA,4.13134110087925,-23.7805804760853,22.4871509049521,1.1531191389855,-0.64394784500432,-2.75136171459118,-6.02265244777891,16.1124400082616,-11.0887323660605,-3.32121535801186,15.609186420019,1.29281643454429,-5.88720570425849,2.79674774786109,8.84381504109633,4.09315485119092,-8.09789661653737,-2.2156146913071,11.8763165431152,7.64462822709407,-1.7675302848305,-2.76103923253326
0,-33.2125343548132,-6.67054430935372,-4.10919261848854,-16.5665715935384,-3.25220053193121,-0.779325593732693,13.6037849919026,5.55043548820639,-12.1238020736578,12.209998128135,7.07472004876708,-12.1378994659757,-1.23467154901212,15.9488544376907,0.132853970301106,1.50249100285905,-1.23811076155064,20.2937010042963,11.5615914336352,-9.36338742110536,10.0075856060606,-6.26594015023426,-20.6221180495031,3.97016306818639,5.55195226078193,3.10892980879207,4.31710101992736,2.9883467064998,9.28075358056155,NA,7.44953507903469,-15.0688045924713
0,-22.2696224733171,-19.7396562461411,3.1790568975975,-11.9629110362397,5.75138063539467,-8.99261202822657,25.0636675845982,-1.09880923838975,-2.68609766480577,-5.3359321477846,3.29636395722724,-11.7838811000723,1.55073820036354,-3.6106971309107,9.73036666057413,6.9643466638821,4.54511311727623,-6.74948314380104,1.27968850976666,5.89751904907355,3.33816724959121,-3.43041981917573,-9.36409152902851,10.4668214031349,-1.98169370908937,-6.27920298211619,2.59897228508694,-3.40205417655046,7.24941165283361,-5.62535377124139,3.84796070602223,-5.35643705308466
0,-21.8273789415487,4.13793663890549,-18.0969072161136,5.41137694484287,2.7837386557912,-8.29936100420103,-0.633789537333868,0.973263823354415,-13.6485255064782,17.9298288892977,8.53154688061348,-5.12808288748619,-10.0173141465545,-7.25962968060608,16.5135464646602,-0.514776170969469,2.86929746268473,1.97539797730795,0.406983835672506,9.1759601332997,3.85231335264474,0.22467051276054,1.87421064173719,5.81294514687592,-2.82139247172011,17.2240809453077,-6.55707928503772,7.33681376419592,-15.3688245565178,9.7597223827219,-11.6642513534619,5.74474458861414
0,-5.58085949551541,-10.8810337925661,-17.1062268993318,12.9675216838175,NA,-11.4808605880273,-4.24933403555684,2.02667407239959,2.5447146395441,16.7255573425133,19.6421860303382,-13.0245336646151,18.386648487213,-12.1915657854892,2.32858991029165,7.12834240772213,6.7938257215787,5.66758834692547,-7.22423151344969,-2.53279846503504,NA,3.14803505452232,-10.8663406782536,8.28698110528831,2.68284125787521,4.53255837927684,-7.31878380161326,-1.68906415092722,23.7127432723849,3.69463349429073,-0.951626825883892,-15.0153143929123
0,-12.446532190384,-15.0676180810517,-7.6403061413247,-5.60504645966573,-10.9801759776707,-6.00081964829258,27.572539767199,6.86656346491017,10.8009325461886,16.1820797666538,NA,-13.6242323888789,26.8305031552166,8.35402438375128,12.5641586689925,13.3142399059654,5.84002727657779,-11.2025360362026,6.5884386974738,6.50602120084628,3.92455048579771,12.4742253494079,-0.986715033408558,-2.99770336802226,-2.60836956435384,-0.212552203552008,8.76060353596435,9.92835128064858,24.3153191683377,5.89399824314513,7.70970176611192,-5.28152175646542
0,-33.883729066711,35.6339776016247,-13.5731183819635,7.08916098957981,-2.3865510270336,-5.08357496559624,-0.718464735465233,5.33076228964516,-10.996509329143,16.7360647094689,-8.91207490581837,-7.01886767095642,-17.1186372090472,0.761408833542944,15.9950325908868,3.11311098797883,-5.47815517019768,8.51137086458797,-2.60832350825243,7.3128403192395,-1.54837200418731,2.16863761546409,-5.3061145693853,-3.22620322685756,1.65716539769161,10.9951497870024,-8.77774441204502,4.32392013750848,-1.13731692828282,6.34226411349822,-2.13309904564007,-8.58769974273939
0,-14.674290615837,-7.0695488771251,-6.18025849944922,-12.5493128046033,-3.10047753480882,-4.30130662194111,-7.79430138192798,0.296255442970462,-2.65561447193434,-14.2710378306409,6.08960369141644,-15.1464641233553,4.39550865188653,-16.2046151389237,-14.678236982405,4.26296393880396,1.76859812984573,-3.26592386106812,9.04811012210045,2.75731798625219,3.36089181676819,-16.5000187195382,-8.42068462077426,-5.55283731591955,6.74837453963353,9.83139123530185,-1.01650917717869,5.72651120524539,17.6193819054733,9.91075456239319,4.20143633481322,-8.42528877094271
0,-28.661381813503,-16.6295561634712,-25.7043293888994,3.58594467148629,-13.7102920130547,-12.8392037878124,1.43244487412304,11.7459068864337,-0.710119491833268,-8.62393108074467,6.98846326510919,3.78253233919125,7.00065750482374,-4.12145435845142,-2.62263103981191,0.273772016516901,NA,-6.87907702676809,-12.8487466896159,16.5838196533158,3.52198819788882,10.7993933042634,-6.44900872966832,0.412037545104596,-8.75593184148633,10.9851776236751,-1.80059740903452,3.35818234393895,-0.879455924072928,-1.46221141991965,5.15395886828396,-3.47563090083858
0,2.26523214094992,2.57973340874696,-17.9490371883973,9.95047582858822,0.549723978834166,-7.33136414177984,-0.248527670163014,-1.18564841107386,0.0280011307250305,24.1521300967657,3.91223092004815,-5.61722187761947,5.38271967969543,11.6718411377355,0.834864543176934,-9.64941996557755,6.13302570982287,13.4323351164893,-4.18836866596041,-0.484743101469206,11.2640290199008,7.38794788376538,-2.15551718851179,3.99637035642596,0.339852439293082,0.641687306424103,-2.18405333896693,-2.79527583332953,5.58574136765023,-2.86065067515122,-1.66060362647013,-10.013196447281
0,-11.1052273051017,-22.4288995888221,-22.5141549271006,-16.1849471244839,-6.24681812994361,-6.69824785257457,-11.4095319995615,-3.24791543899688,3.93927136090474,-14.8946042130374,-0.959439460971311,-19.025903910381,28.3764306844384,-11.6043401223262,-1.24938966051936,-1.17372853874225,0.950367528862088,-9.48880683398735,8.30186143521746,-15.4628843187823,-4.55849990839494,-9.51958914819974,-33.4795171450248,8.69256101063801,-4.00680705442851,6.04223238813834,-3.23798563810243,-1.25496370538684,15.2923396170048,-2.40137268383857,-0.187413004798984,-3.61652938855967
0,-25.4220312919289,15.3774257071943,8.11219475803486,-7.18064633622194,5.47100906994473,-3.16781743103699,29.3069350643698,-5.65999803310254,-3.21011408172237,20.1162543437934,13.4274965732125,-9.30238949861831,-2.07235607538789,-4.44250233850947,-0.966554757996349,-4.59077705962814,3.8703301010986,-13.1950065679377,3.26860810631618,-1.94382212618727,NA,-6.24332419831192,-9.08577463763494,14.2088734071026,-7.20618668539146,8.85807250531332,3.61001722979105,6.03802483249142,3.02815263697487,-3.14369798623191,8.00023298842873,-5.79951732984412
0,-32.2184647628192,-14.0175115395393,-9.18754301072029,-18.0488947247023,4.05180476933397,-7.08747463396996,11.1639031006125,8.55350926705405,-1.22052562875518,19.8587685389446,1.24531961819358,-13.2065354862683,-1.07398103818249,-9.45475316229617,0.404258495419995,0.840514260206561,-2.66653809418547,-12.8509843676549,9.21390560414272,-0.0973070400538063,2.12238384613762,-10.1530197957766,-21.9349886308071,6.45218884637426,-6.49008854021962,-1.56193099370647,-9.18521421224854,-1.3076915333978,3.99034717174531,3.09201024877098,8.0159225832402,-12.3533801853162
0,5.96685263669841,-19.0043108006881,1.34023014555369,-14.7471557335914,3.45619271832817,-5.73405570066012,4.00178703967039,-1.47704274023151,10.7867034813077,14.6352110110946,7.39698109215084,-6.74503165467046,21.9471746652899,1.36452090649748,-1.76739141298656,2.70217159367297,-0.198352460967811,-10.640490731507,-3.26281831158371,1.53478022265203,-2.42471909472884,2.3127206629448,-4.4690994917147,-1.57395771888675,-8.07961509102221,-5.85020464629724,1.20785046671953,2.51611310209746,13.1736472360502,0.330487001413381,-3.04284867845935,-6.09539745753614
0,-25.6476133710065,-12.7063332497546,-7.65415984447093,18.188138175939,-9.49698588206423,-9.29220933854529,11.7886910552944,-0.46529673674759,-7.58266152091441,NA,9.57872724282026,-0.0691616794027254,-5.04207793241666,-7.10584106512952,6.40065626738323,-3.60944838246425,0.250516022824876,1.10333156266324,-5.65148040604008,-1.92713900547305,-0.646232609144036,-1.31650852067131,0.64243803769466,-3.23422383505917,2.23308772094705,2.98507638607887,-0.888499389332793,-3.57663050277841,9.26681211940785,-1.89650664342274,3.81530907384098,-3.68082376050162
0,-27.689946597402,22.4165147016488,-8.81223041151715,-19.4893763611881,-5.6122201922776,-1.62108093573801,10.9991975502644,-1.78914484294947,2.69000596483097,18.9272579837118,5.64215781984448,-14.9870890689858,18.0079607353684,7.74959011458226,-0.786239218847953,9.54316301981949,6.26499864463047,6.213570447839,-7.12931372364945,-4.10248095092645,-6.61806328747792,-4.7869802762429,-10.6945068646967,-5.26731204468679,4.81060961530027,5.06066217287645,-8.40809478192422,4.46202568277327,8.58307255818252,8.04792550477033,2.8181472272947,-13.0138499015415
0,-21.0577876536141,4.8715264417492,-14.8757409845596,-17.8757276503741,-9.67707945991002,-9.94829033058178,-6.22803604660041,-3.31420914327371,-7.0811346294453,12.2876046406044,-10.2242448424938,-8.76442839355045,-0.789702567335524,-5.47877301025464,19.9355788200118,1.44575209695317,0.861061673930749,22.5251292948088,-0.955561795578525,-6.11950351038149,1.5038955926484,-17.8495884344804,-11.4989432220737,-2.73310033870438,-1.06191961400354,-1.74025548728012,-4.27127423816696,3.98585308221386,1.33606050905456,-1.10416781095168,0.363442232832583,-6.35544069464601
0,-3.78386789415498,-4.53376240534319,-16.5213771847784,0.328093757722485,-11.2957027457231,-4.34827291642762,16.9688032286147,21.3698318338696,NA,NA,7.67528420425747,-3.06848439897041,15.8053144816337,0.526290042001506,14.8879434030247,17.3489254704088,-8.13286701440694,2.32806567692639,-6.0969132360695,NA,NA,NA,6.52827849397561,11.8508037510843,6.27814714768169,-4.64607691780084,-5.67532093575801,13.0123611082576,NA,-4.01727789512712,-2.96259900570087,7.61609509327452
0,-27.6889372140798,4.52417766333259,-3.06327386470275,NA,-17.7528556051337,-7.0303916894256,-1.34325973158933,3.50119088914691,2.45845135908029,28.7091847189052,-0.309309593741567,-8.22469291804521,8.51083433757965,8.24644199553668,4.95927813810465,2.16363067293302,-9.45239364440924,9.97199166928921,3.93342664760283,-3.40442512738076,NA,-5.48532503722127,-2.33322181273047,-3.17929497932829,-7.12677534471575,1.8050890266516,-8.24386343966304,8.98525488501818,5.18546420985518,8.32508236030975,3.04785298610733,-4.71706523755044
0,5.75036247271585,-2.4967288348339,-2.71200045321152,-9.11296139623665,-14.0468053449711,-5.84049172865414,-1.94667200182811,-0.195025536510443,4.76714880536174,11.9382232762594,10.3785812441093,-4.95462560220012,NA,3.67890647183199,7.37028864381011,-11.2900733208554,-6.27370607284192,-2.60592710456552,9.36369738049069,-5.02227368340192,NA,-8.26246994219094,-16.0618255855939,-0.621737037877885,1.55935235244566,-7.608569908257,-0.72098939290774,-3.00177715329617,11.3071440671991,3.28733755724981,9.94321880798007,-12.9850432566622
0,-9.9166425839537,3.15059316740144,1.32319735125893,-11.0658452657441,-16.0680687346663,-0.13880338938128,30.7633902666028,10.2503345253711,-4.22598713418544,25.2690726296494,18.9606049399376,-8.4423008652046,-7.30730268591554,14.4092315736872,9.78926382797009,2.04503238407828,0.656936213770067,19.2292872804411,-8.10632473500722,5.07654908338438,11.2488670701393,2.96101551566638,-6.99219679121774,2.37826001963236,-9.31918592644366,-6.31270609741726,8.03524862939692,14.5225227559088,3.30541282818074,8.80703148555284,9.00721932514455,-1.51218267744873
0,-10.2688940898178,-4.86552916113004,-20.3059057273859,3.91960851275736,-19.3002134466845,-1.59584138020496,-2.08974409602622,20.8426580597446,-0.853640214156314,16.5690803286247,6.9723035962465,-4.20400665920252,11.993037354574,4.52361542006751,-4.04369148043095,3.96232369109127,-8.26516561545574,-12.7876395984338,-6.72496525156495,7.10520748387209,13.1253354880239,5.14185843568718,-3.20771368176962,10.2426756323441,-1.36655346700507,0.712077085602829,1.52471990101144,9.87761752953075,-0.422761070862563,2.71393036716377,5.86364594562264,8.95165110351665
0,14.9686220041904,-4.66718427047589,-2.42255900350733,-14.1727350358721,-6.76121455217353,-2.89797619474267,12.8624761531015,8.68892955636284,0.94670593399789,-4.90408111535397,14.9760443644317,-13.674203929116,38.3560281502785,-1.35120750685334,0.726580999318372,-0.920293436056809,5.63208263798325,-8.60780377523032,-6.49492544784911,5.03857382737031,17.5304929893362,-9.07023378878365,-11.5360712076932,3.5463372938203,11.4159587076784,5.14613848151253,11.4996423423142,11.6119340642748,11.0206335645347,-1.91353845798672,10.7691580864654,3.06028552589741
0,-15.3918221337404,4.78628474546387,-6.38209249311383,NA,-7.82724712629867,-7.11632745820748,-5.73457508850305,9.33076959785424,1.07090821342393,22.8249834587498,1.93470102516042,-0.890286694849465,5.03460901370519,8.98462745100586,22.9226417450034,8.2483133419945,-0.205863462988674,2.30489919356866,-11.7749992860102,-4.01446787578026,8.90843172201542,1.41342632019328,-3.44367905069885,18.024234894839,-9.67490088082138,10.132260319412,-6.96737588737474,12.6215263658217,-14.1631201634504,10.1755628913941,8.63629650828716,-4.13284887166861
0,-6.97755038131903,13.9452539342977,-16.6851515346198,NA,-1.17326588803701,-2.28662217170154,0.613884210674691,-5.51559611912892,2.82082302502029,27.7591138928562,-1.4651013001104,-12.9169120745563,NA,15.6187758109674,-1.88778081986966,3.18839890979349,-3.65939575746324,2.35955070985608,-4.43371714923391,-9.15806236045533,19.3306656961751,-10.2388735998085,-11.48890427191,5.94489865634131,-15.6379796633174,-3.49553929520017,-3.32206482455759,12.0045599789756,3.07294548309581,11.5067762949671,0.699835010364751,-0.0335706626567855
0,-10.1265438772583,-4.89565548688,-5.52661330547689,-18.5876520488232,5.085549666044,-7.94441592921342,-6.78167291129138,0.271434976059041,0.158081960645475,6.0311738551346,13.2856392170454,-7.85083436756626,8.95203376692078,4.39048485499544,8.94376102452568,-9.21974950230287,10.5566218212477,-16.7819507522343,-0.794463004851977,-4.38787320925344,10.1215659910469,-10.8507461164896,-31.1232076819658,6.50502820427683,NA,-5.29533449573889,-9.77888071147346,3.67510322832747,2.60556100497841,0.350691962797129,8.44509107552575,0.0414942751474072
0,-15.8202735557941,22.1437956198153,9.77171405950317,-6.39116467145112,0.764274880604489,-5.96999640390604,8.44212475351208,27.0232063575839,1.3083644739758,26.9855023576055,8.7342019889397,-4.31398081789877,-13.8165437882247,3.02443368739523,13.4463773667252,10.0555420878674,14.9145534373384,NA,-12.9945069502814,9.43545984135946,14.6470508336583,-6.50402122375684,6.53054071585028,5.35744024005406,6.59941833051698,-7.03445593591161,-1.19503556622102,11.3792137659735,-7.75685699253388,14.2252346178368,10.0880479863871,-0.784513652554637
0,14.0836672607542,-21.3965226162358,-4.72311853459913,NA,-1.62701561825897,-13.6343373346717,-6.61134213540255,1.5708884752715,7.30547877749591,9.73620223601817,-17.3854943003434,-4.62621350438279,18.1205623640432,0.402735320541964,-2.89613292503925,-5.29592991051082,10.4013065373173,-10.4256881396392,-17.2336065894153,4.19172695559087,13.4237237107547,-10.7389009260125,-12.4412662638132,4.9605765448926,13.8691817976841,0.688219857243809,-13.0355268743372,5.24214631640278,0.697731327963538,6.94442625320923,-7.87788951822513,-2.60509909852091
0,-8.03577398096451,-11.5711567626243,-2.77560306729093,5.75207908004251,-6.41279171261731,0.505102427443234,12.6935368272111,11.5034822167876,-1.01754713100787,NA,16.281932528225,1.8707283328179,NA,1.93561410965066,11.1645939059186,8.10895220257083,1.45583195192131,-3.42740931445249,NA,3.59003565895061,NA,-1.89396791774254,-5.84798797145584,-0.720988470089424,0.670906298438339,-6.36556336552823,12.8711960175624,21.8898884648333,7.9785610494242,-6.86582171710631,15.1647893115416,-5.36125646229827
0,-8.64648792020033,-7.43127915058797,5.6524041886278,-13.877672375283,NA,-10.9546858198751,35.5797172281001,5.08449803839888,-3.65092334639149,14.1585304007194,9.16219715231892,-13.6972025968078,-7.31979038555748,9.28187007727443,-5.03660299324129,5.19106563859498,4.48200788284785,-10.6544783334664,-2.56987625421895,2.12967385145738,4.70355307941063,0.170945224264784,-10.1131982955846,3.36338285163255,11.3540122611714,-7.70387431593733,NA,13.8952158463559,9.89715527458441,5.6157581365229,5.69608844850214,1.45288894499899
0,0.0239916575860946,-3.48364738380774,-3.67481906868717,-16.2195115324181,-15.2307719999242,3.43331873041799,-18.5970692537895,-0.0941331201214979,1.76377158752814,14.0820471144796,2.40077729264976,-4.83569897561735,15.9172108285449,7.59565820958804,-9.24165581571083,-9.93129924294362,4.73222398650252,2.99453242846884,-5.15340291214365,-7.37039053082245,NA,-4.31662003098282,-20.0442073541644,4.15835939560002,2.30230049346497,NA,-4.48369679193594,4.33814892362241,6.67084828105146,13.5558816374274,-6.50936811503635,-8.51423655639528
0,-23.5456000787094,-7.46946000497509,5.46270830292342,14.792003634565,-20.0312800040652,-5.87109743937044,-0.944669409766419,19.9692918950031,-12.3799906670105,0.271368526932321,26.7250854724236,0.569719764712275,-2.67972942575494,-6.46532711417962,19.1803921007454,7.79247740411367,-2.01508614246006,NA,13.1401077583518,-0.372502941127195,17.4414719986121,-2.3572890482054,4.4007206605924,-4.75452950245621,-5.16488599226082,11.3077650474733,-9.60295956838311,12.7320720679186,5.77596806387577,1.37227596704484,2.88980242053033,-0.323782907302714
0,-11.9120521834571,8.17727633881623,-13.6425424956331,24.4397099588539,-17.4042445042972,-4.83560739488026,-5.50219146467622,16.7243804253876,3.65353083636838,18.9441436703991,9.56450433601205,0.706805522777429,-19.3417969542623,8.88504850408161,20.5959014869136,8.7949308547812,2.43207576394718,5.7018115265362,17.3954213752563,3.86995589571319,23.0087678886321,1.30048407451171,11.5388123111976,-6.87550263684099,1.14959946147862,9.07150875784302,-12.0389867096938,10.3507305654703,10.6620697881995,12.3351513497878,27.325139025349,0.948710786693752
0,-1.6040225419581,-5.565165279072,-14.5666171467871,-4.83702985867001,-7.96385431092372,-9.22492998066834,-11.3161509030471,-4.14693584217835,-1.25719537255264,12.2572829068178,-20.340075235971,-1.99823854279165,1.70506991843776,19.9523690340047,5.00018643489351,-3.99929344973187,-13.8707168560085,14.2836772193806,-15.5664934710212,2.46941370059085,2.81919355222196,-5.40633984888156,-6.71941646072997,7.43440918428104,9.62370137803823,NA,-14.1979749328171,10.5296961805391,-0.971192731187713,6.85508147791043,18.535040329511,-8.30038685922382
0,-0.468823640392571,1.28123335739528,10.1246322451059,23.2829988458504,-17.3294748354733,-10.174387068998,-8.96868099308968,17.1611759909558,0.735031740844292,-12.2809732242971,11.8962698285662,13.9808214933412,27.117084488981,-7.68481673230733,3.96906991169124,-1.34384967539316,-3.34426644730028,-8.75560513814888,6.41889875434077,2.41564087079662,NA,-10.3095703436034,5.05084428692776,10.4391017279446,NA,2.21554144279354,-14.7111224613136,15.0353360508654,2.81849767247546,-5.82579496799755,12.6544495785156,-0.542002956110466
0,-6.70064458770634,-4.55302443915693,2.12521020142258,-11.5359976241233,-13.436081223423,-8.55173912098769,32.000427910406,3.50580892017351,-1.13264550095418,15.1217676402102,17.5443757143017,-10.2639049047482,-21.2276998018437,3.71467788430412,-5.12808049572739,-2.07919299265119,-4.42192515490414,7.90676525544883,1.6381367996793,-2.28322526528952,12.1888978512256,-10.1722438628397,-11.1719507472392,10.6440591464677,NA,NA,0.282204129668074,3.41163283370945,10.9445205841364,-1.73735926609642,18.1569271668156,-3.69395864649861
0,6.13694978470528,0.205790464734235,-7.04907142173167,-27.6662224482733,-2.46010551353689,-11.2096475444704,7.45884850575514,0.0992558269063224,8.04321462172427,9.47222937874481,19.5605519975925,-16.7605610757867,29.3634300057502,-4.6558241783541,-6.01682537198749,-0.593151582752022,3.84373521813913,1.79282206855686,-0.521286388641741,-0.789681902295946,32.0694754060556,-14.1591859152464,-18.8646048803502,19.5478005779491,NA,-10.4318140356966,-6.69204288913865,5.51598519202427,10.3892852999718,-6.2446171124019,4.56357659782205,-8.64888029585993
0,-0.614703205281373,3.54997686358283,-1.55557188560449,3.15917050708349,-8.4976025457358,-7.14965530100513,31.7511718214228,18.3273520894529,-0.395557706662089,-0.124435654122657,21.9932264843644,4.85408597117008,24.3836248775573,-7.33429442464806,18.1394847996256,3.10068867562399,-1.9617246831596,14.2260198702384,-2.3616190239001,7.8262130198213,NA,-8.54354130584984,-11.7308329480804,9.7545271883581,-0.189305029177106,8.11595881677073,0.63313189807738,22.9754877760993,2.81724117043797,-5.96338057798192,2.55500892776125,-1.31141484534359
0,-15.0008998240657,-13.5037598030148,-12.173263243969,12.1973243969738,-10.8735811212644,-17.7195675001607,3.23340678557719,6.06009438408451,1.68292625938258,18.7788978173489,5.09158076531855,3.31933771278948,-23.2116748195408,6.8398958749639,11.1481968602882,10.114783006062,-4.08309327279382,16.2726417185965,1.5573978093494,2.90404238102833,14.1818094069624,-6.2320080116623,4.13980616600939,17.1768928927547,NA,2.08557752667325,-4.13877673751375,18.8421668757943,-5.95476879449005,2.72911278250839,7.44781671305488,7.5967029735116
0,0.583750707227125,-6.50624802469025,-16.0210487779589,-21.4614782101623,-2.52818913333756,-8.79467135052573,-20.4926195422248,-7.3904021868715,-1.86269426235914,12.4661329439334,-2.93928992405981,4.08976008858258,NA,NA,-4.71392172057159,-8.27937290103173,-0.0743121534333966,5.68928302118294,-11.4188049837744,-1.5225265037171,10.5696648111257,-7.53751819360274,-20.3493641390127,1.77487460482388,-10.112127106411,-10.5938282801409,-11.9473980871854,20.5314120301823,2.99259548489903,13.3252115391328,-5.72371043917567,1.24266919594795
0,-11.3581640308519,-11.1842661858847,3.23714434061874,24.655540549836,-0.470704039778312,-12.2091881931287,-7.13847290953682,13.6381461941847,-5.06794453606391,6.4221241193889,10.7130083391092,0.587907269533687,7.24148494454299,1.82606596777566,16.8781504012029,14.0738927441053,-3.05263442395034,NA,3.19157085412354,0.186085492796124,16.7923105042642,-0.0758909472176157,11.3833583081233,17.1076788848991,-4.39724083803581,10.257327678688,-7.89053236230177,16.1278311397694,-1.12027234908751,-3.12049668259991,12.9444142017453,0.490167113726841
0,-12.3469160350798,-5.76774636754834,-15.7991799744537,8.071709693945,2.91264614183288,-15.1949450556966,-7.15170931283626,15.6040307049866,-0.236151293758496,16.9138643447231,9.34898961616685,6.71690013567792,10.083286751617,9.34215753046601,24.4268155652404,-3.61724107609921,11.0360607998741,-0.913065580148867,NA,1.59416600444094,-14.1059595323431,-3.36044889095145,0.0681325760095888,11.9028907944357,NA,0.828887996837921,-10.6404009223029,13.5431722593636,6.07789774951515,11.5902180406108,18.3269417917058,-7.51546729108243
0,4.36402224605411,-3.74966280628949,2.8267014404764,-10.0326826771533,-2.98161131602254,6.4535315236498,33.4563366318844,0.146867143862437,11.0480652489879,1.19414572550255,23.9787284257131,-7.74216098303594,16.6698191419912,-3.14804472676346,-15.1980211359913,-12.5595520668908,4.31180267951868,19.3719916332104,-13.1180186228732,-3.26544298331896,4.35739574156362,-8.40191647285571,-19.9718475884265,-0.192194244111093,-7.54056374091049,-1.75039139316596,-0.860551390561753,16.4348906466852,1.46117402162085,4.26617587096209,14.6549895485812,4.58893718153384
0,-2.5269198434703,-2.54943217912077,-23.2120249287539,1.56913426664353,-9.62604083448228,-5.67658551189041,-6.27674347959984,8.44372681573222,3.90796676646423,0.774593374842269,27.7845331594101,21.6491696836836,NA,-8.7888752774229,18.7203309567453,7.90894736990002,-11.4100020982012,4.76795511880512,-7.91474403919486,4.44152150349694,NA,-3.85101407757,-9.16888645764958,5.84347706300375,-18.3386117971449,-2.28269617801926,-2.39961089116244,27.8217274703983,6.2244915280468,-8.66927244813069,11.5271472403524,-3.40894575030083
0,-10.1686216828525,-5.91512787844638,-6.59188228989255,-11.5585120559567,-5.56957500708991,-13.6076776421989,13.3393445572325,-0.40468925767432,-0.457725985760149,2.95088838611606,12.1958616764207,-7.00191558382905,21.7980613220373,-4.76692364944329,-10.8043387037809,-12.5939993946254,5.7863963826132,-5.26823245809358,NA,-5.40243642803281,5.48973530673668,-1.53470665117838,-20.8915885940129,4.0479038872988,-7.73511051127467,14.9286769752949,-11.2083895839604,8.95394061825628,-0.822362598722847,-0.905678986391209,-0.725865122472584,-6.56615025614572
0,-12.3849553738769,-6.4265910811527,0.488786885732452,-24.6647196231849,-15.8005067763366,-13.2543750933534,NA,-1.71173166279231,9.79723380605861,-12.7957297685671,7.06164371569984,-3.89250003617512,18.5367534983283,-2.56346688233437,-24.5846270843306,-16.5339604437056,-9.26434817932913,3.99377121130987,7.34545987170611,-8.3118151810116,26.8976943407291,-0.527408303578227,-30.0505998452265,-3.99794241419494,5.19637828991989,15.8339129109918,-3.35262690321854,8.50324324318547,2.2025810981348,-2.50008903790476,-2.07922093533807,1.02926112716325
0,1.05953462374113,7.84743093588131,-5.09244397254447,-13.3061871069439,-14.9106638556074,-14.031303814546,-12.9380559867281,11.2337874760229,-8.68177242445127,4.42419315412479,6.93881605681821,-0.630248473282435,10.4375100100753,15.8311919791437,-1.15544126793678,1.31308351550321,2.36323680414016,15.9172751205659,-9.86164311473993,5.86539132195213,4.73424439530613,-6.44990809660372,-16.9709624460639,0.867734886480051,-17.217567514496,NA,-9.71485400082055,20.0395046758888,11.0926179380945,10.963328779396,9.04814464585039,1.91009383889525
0,-9.71229732351877,-17.1949494918594,-1.63855869188852,NA,-14.963197026737,NA,37.1479336171764,NA,1.87625212227413,1.64751470055083,21.5515924270001,14.2643156020406,-18.8207566612469,-11.5197774258603,24.9529526899969,5.43786733021031,6.96918241480714,-10.3009513550859,NA,5.17523544316069,4.44622514904444,-3.13533915086786,20.4514324524494,5.61421309799343,NA,13.9182357678344,0.603096719312589,15.2616256278409,13.1698275408091,-0.0941121836967511,4.90386649990344,-1.94031882164954
0,-10.3889144649303,-5.829955460165,-12.4217372054452,-11.8712381910686,NA,-10.6336154809507,-9.61342351824899,3.1084760871032,1.20449568808934,26.8649366325648,-9.92860923156093,-5.91059198403691,16.5795455901768,-5.92843524974087,0.533395495996771,4.24258544853139,1.44903046700561,-10.8145870032606,-1.24376495662914,-3.04161153849751,19.8103018396484,-2.67396147345207,0.160848866673632,21.4898220521535,-9.94405994654903,19.8304655024739,-7.0135678150133,4.6705656131938,13.2394135678196,-1.68322595569013,3.03213963662763,-8.17954660539519
0,-16.6520514526785,-7.14921444468624,12.9562568214416,7.31396836397209,-12.8045947437958,-9.86654358140198,6.37806277026729,21.1639288194017,9.21717233066967,16.4505205114268,1.62159446400842,-1.33563549349189,-26.5136001454496,5.34745293513528,25.1701821635093,2.5316918669938,-7.55492241273542,-1.63968087526752,-1.07140761643461,-2.31077177311261,6.91426187407455,-8.9042142721333,8.69758009470017,12.8658480222776,-11.3285870567952,15.4261967085967,-5.05255601710513,9.42380340492282,16.2486269687249,10.7556590101896,17.0500329869347,-12.9867252377416
0,-10.0192217760774,-13.5953692437423,0.887718431490839,-13.4708636771375,NA,-13.5966733372003,4.74249432478399,1.42830448911367,5.41975726505277,16.7515120513711,-9.02735183776743,-15.1181618379639,30.043800264653,-15.6592272487326,-0.0694600564223293,6.58499801470728,-7.00839732754312,0.499172402993551,9.23698907109292,-3.8272255091037,NA,-5.18527906492483,-9.31528829570544,6.27834961020945,-1.72092975306269,6.73971990474462,-8.17826289546618,0.800445033344857,1.34909278328182,1.91249506158385,11.7710035338915,-6.55777569831629
0,-14.5483220559461,1.79130156297957,4.16184232345675,-20.9317877639214,-4.6253436499677,-17.9371679226692,23.0347004895064,-12.1715912688033,-2.57118399167324,24.3019432409891,11.58982691168,-9.2675209542487,-9.0982655872296,11.1678645075069,-11.8035175161935,-9.72866212072017,3.96365922398867,NA,17.3266887396992,-13.3959885095351,9.43810048800665,-8.87488372705982,-38.836054529121,-4.99758735865396,-9.99394573763452,9.79807540406901,14.9806318551155,-3.99308435574179,2.82169812828799,12.0122344860623,7.84180513578342,1.78389675720316
0,-11.3136771169609,-15.0730609691917,5.80325138486113,-12.038095764297,-5.92454405291313,1.08351150214884,38.3775739882278,9.56004168667997,7.63085958057769,18.5338709160939,10.6729734778161,2.40840112809161,8.33322815196252,-3.94298241816241,-2.9927438232328,0.954418966858995,1.87511048002322,NA,11.2462258324986,-1.41538018798097,27.5985470262633,-10.5340136263284,-0.48549951916857,-6.17546934126324,-2.82734542167972,2.55247825670629,11.7347832888238,18.685242062508,-6.63747803776064,-6.94125789436346,15.2675368502518,8.30513229209464
0,0.928829030041399,-17.6374042334481,-7.3388516958009,-6.34856500871624,11.0750535784449,-8.91786510251443,-7.1956221962342,-1.84446248135247,-1.63157178113264,18.7810301023179,10.580098019882,-9.53821546444854,35.5830804329917,-7.5462356516927,-9.21476444477135,2.96169198967004,6.33852413113979,7.76876896436659,1.13890007359205,-5.56619553300728,3.94525598825659,-8.97768111024613,-16.3126738009375,3.90651791008874,-5.07596673599363,8.3013178958104,-12.2224459783579,4.45808962403842,10.2716703336161,2.02385885988816,-10.8628007131801,-0.802311561477694
0,-9.05349794080244,-6.95848619244934,11.7600996270739,31.290789265621,-14.7397710450354,-17.7157004410381,-5.45936707327671,20.0490412119036,-3.64495789238283,-8.83197254930435,9.32907857434805,2.87367464809014,-19.3724665711728,-14.5784067470917,20.1824125965861,5.9814207041255,5.89001548144198,-8.11143085357553,5.7567646458692,11.0354109660337,-7.61427277222987,0.331293575592866,13.6093003986107,19.2099599607612,-18.2518375312193,NA,-9.64062856583674,12.669876834032,-5.92625863959837,-0.755068047048482,10.7672149842327,-9.50481951313056
0,NA,-5.33538458888741,9.62071820239062,-19.5887537672686,6.65871948574758,-17.6653756678207,32.0776497830941,-0.187207567955198,-0.477182666369046,17.3837729741204,9.32336200931891,-1.38480198425138,25.910999993117,7.84324923019464,-7.45603480753364,1.13254622672854,-13.7921361449574,24.8163553918673,14.206756873337,3.94303321219212,3.11958630163359,-1.25792414865023,-16.9248663719672,-0.0308658517776905,1.79812354451433,NA,20.0371955316097,11.1870794939236,2.86096138062906,8.70025162373707,5.2088621627021,-8.82033090830988
0,NA,-11.0283544936154,-7.09305698470936,0.190069822522901,-18.5893785389537,-11.0247550418949,-5.7541853133836,16.2015184909359,4.18129533339065,6.42319303437264,9.09999915032692,9.76843653360123,10.2961765488471,7.41254067670761,22.7078840082232,-3.36485147008661,-2.72559962178875,15.2273245566315,0.0714596011104618,2.97604939715806,6.27352893913405,-1.31190514288781,3.47689183616181,6.51396343547984,NA,4.5281317758068,-8.34181957529431,9.89214763869781,1.79722385647231,12.3204386276635,0.733322020540555,-0.323137450100134
0,-18.3047465673645,-5.19227152585408,-12.8753614713537,0.551510688433723,-18.5459250375775,-5.66442323906956,-8.40430967797745,3.13202083241357,6.24216373685282,5.08704896713033,-1.05315643033146,-9.59481846386569,6.14123338541704,-5.3925242317087,-3.90207585813809,-3.71603567841242,-8.32087096547522,-7.99801587457017,-4.94134315853918,-6.34019412278933,0.442812907634703,-3.4317691992331,-5.28256262154598,1.63642137902089,3.53643522000999,18.9514900452026,-14.5820310724068,18.6781497406601,8.1231245406682,-2.90493219066479,1.23558264208414,1.75959006696223
0,-11.8484939627737,-8.79060312655781,4.57756147167039,-24.7100611920906,NA,-10.8380638684649,23.2719060841776,-3.16581665696822,6.03269693662614,7.00941907709759,14.6802327844526,-19.3879997468119,-31.665055524351,0.413101284735333,-2.60108716368879,5.70639843738297,-9.58365900855844,7.78745440531861,-8.61115300431752,-1.85186420544615,-1.38017892881301,-9.68234054433336,-15.3145690757873,-2.13012685438387,-8.41850076698975,13.2990902394808,0.707442120660616,10.1662307371935,9.91664668165821,-3.80978745876045,6.85719124908977,-15.2380414977066
0,-4.57985847042474,-1.97819191646444,5.88691482007068,24.8045459808849,8.79074414053336,-6.96120932381309,-1.24675955079974,15.7499036243402,14.8595305952455,-0.0884927511860667,16.0742116139152,9.57354523413676,26.6095610488657,15.5919233728175,15.3465355909118,-6.7484210659201,1.23956521656712,4.06415625207929,-9.34581020180573,3.68505126723669,11.9123850365565,-8.29379895960618,19.6574885437108,3.46388357235161,11.0496329700158,4.0277388388112,NA,3.23964035715304,2.37895242783517,4.87514116685557,-3.73324337390761,-4.27613714745338
0,-9.56529417275821,-11.8541454434642,-3.86668567698334,-26.8483958595945,12.3535353035807,1.63115705073227,29.6256649314197,-2.74174396343356,2.85327062056025,-0.557970323362468,8.59963502751432,-17.0310752301422,23.8405186237373,3.36076284554412,-9.29947643073479,-2.60277570064963,-0.47163338458914,-8.33103996254674,9.02002302699645,2.41504235239541,28.209616975367,-7.99259858969234,-36.0443873676426,-10.9066530261863,8.04199051076228,14.631993670404,13.8593098366512,-0.133374327451925,-7.16785520368016,0.357178760731031,7.10869368415919,-12.0224837254086
0,-17.2717390844397,-10.2029825920321,0.133369610531417,-17.2731188034257,-8.30630413767259,-20.0989402281592,33.7671354560331,13.1354417116426,9.10804053416419,-10.2232545295456,8.17912067793714,-6.25392524625545,-24.9799512018237,-9.74986354823035,0.61133423073295,6.36215256013801,15.3674435893967,-12.5096761535127,-5.17510788728804,7.03175401330577,0.329548909888892,-10.862788281111,4.60751906797603,1.96079049280731,-12.6921330175001,15.2749282233611,2.11237620364977,11.2909141266318,11.1153325700849,6.05997677675951,9.54611436794059,-7.71340360668702
0,-3.23019512756065,-6.76046736681006,-12.3156880341713,NA,-1.61405188761321,NA,0.0695752118390871,-9.85313285613756,4.88469580454134,14.1557440776144,15.0091525396296,-11.8677049675759,22.6858563580503,-10.2273848526632,-9.3386362066765,6.64049451380718,10.8458476312855,11.7436548890013,-15.7596423705854,-1.0527272033675,12.9133856510788,1.35315608305859,-23.4407706955213,-6.56391591227964,NA,-9.74322173407791,-6.83877038017276,-2.51484638087178,12.0799652293643,4.51569085281031,-6.38890193080736,-11.4547329277328
0,-8.89678911938681,-0.88098200768097,-2.77060770984247,9.31371134240649,-0.879463097200599,-11.7484013508612,13.8209055870146,30.9201124008842,3.22135441330572,20.0061753893324,9.96050724337573,-9.40400530704903,22.3924654677831,-11.075766790527,13.3354970281078,4.14769472284401,1.47433495709693,-5.7293431761178,14.6751393314181,2.4687078830472,30.3008842457127,-0.125517935950498,5.43699881403042,23.6438161364148,-4.66318895896534,NA,-9.90604221276277,1.01037222830779,0.89207108742967,-5.11193648133309,4.36580015957122,-2.90655671204065
0,-14.7902027484864,0.751909022478372,-1.40750809603564,19.4924760271192,NA,-19.9059878269402,-1.37513421419877,13.2355084090557,10.2418186441373,11.9697010858372,6.887101843415,-5.45556637996668,-3.72584024735166,9.85461240088775,19.6285633835182,8.03370574068529,-2.62036496497642,5.491184061816,6.92903154057244,12.627508115386,20.3123529498165,-15.7433408127966,25.7790177574754,24.2558720979706,-13.5381599500767,NA,0.341776028404084,0.591720119230402,-1.95272016949454,11.7567920000237,6.88911994416962,-8.82357364995615
