distortion,p1,p2,p3,p4,p5,p6,p7,p8,p9,p10,p11,p12,p14,p15,p16,p17,p18,p19,p20,p21,p22,p23,p24,p25,p26,p27,p28,p29,p30,p31,p32
0,-35.3414527055625,-0.772703829505332,0.507635191980427,4.10598199823941,9.01929014044902,-12.9094458772532,-3.01279125617401,2.41038456039807,14.2447033864382,4.91080284660892,-2.55283576642859,11.3096345684438,NA,-2.39463859760299,10.7970931666897,NA,NA,-3.44249416409563,NA,NA,-7.27793687103843,NA,NA,0.801195418020868,-11.0948105623469,-9.56633460586283,-3.07314369148841,3.50441880614746,-9.63681056267159,1.17471700862528,9.0673977059901
0,-44.3314373704599,10.5502554065528,-1.32956643207514,-1.04964209989433,-2.09141358166018,7.91191936733296,NA,-1.98160788814269,-3.72380041775088,45.1783681085846,0.79932521588205,-18.3174916353056,5.27576086714564,7.91069324640863,16.866437737905,-13.4901185914144,8.53113747960852,-10.5767417551685,5.07136515278695,NA,NA,NA,19.3326028384699,-5.29173925533895,-3.96957270160495,-9.67632153754453,-12.3993745470402,-5.58086929468257,-7.33257329031858,1.38540282909182,4.45660961665176
0,4.37316514702272,2.59790537780079,8.60978565812802,-7.60629357210745,3.93221467472998,-3.26134625300905,24.2290617432282,0.12630378129149,35.7123130063394,-24.5575044409726,2.66244015592881,0.642439289405175,-6.40019721892685,10.3343471611115,7.9744222317437,11.9612454071608,8.49884085206875,NA,-7.50161732592343,NA,-8.48002955872863,-6.65854921614535,-9.1772873575833,9.92053212540357,-6.73968573713599,-0.454683996416037,-0.1004670828518,-3.6313533321841,-5.82272007343134,23.570882733291,-5.76508365262083
0,-34.4307330352928,8.36316959337945,13.589525546426,-2.6575335036347,-7.26665223776308,-3.83236767651074,NA,1.51152357039885,4.39911401329613,9.47291734205133,12.9969074385119,-13.8710826934057,10.6207550341681,-2.41380167027593,5.91011656874301,-20.5350644655801,-0.412328418074168,13.8506675025219,-1.02408069243988,NA,-2.94074204059399,1.6998734606519,-2.66663491607656,-8.28975550658523,14.0922971770252,0.114390725283229,-1.11294966574647,4.98848364743066,-9.68582796471264,22.3486544670118,1.68028760612154
0,-35.865873477102,4.28564216178239,10.1981213800383,3.67221096212496,1.59864503626058,-11.6162760066509,-7.17917777441717,26.6706572506925,4.11669940517682,-11.9763197202581,10.1964857966507,12.0511047435493,-9.12231912284703,6.46142210306996,17.322217281759,-11.10458365931,12.6389992850041,13.1387127947146,2.7190228834879,NA,7.63871890827275,NA,15.5345323048771,-9.53211656439821,-15.4831123252634,0.857634506992468,-2.67254535275842,-4.33796318049779,-7.88434924071738,0.0139226131188366,21.4788215045064
0,-3.3615976288844,-8.4915364591979,7.30160008539397,0.424457293981874,4.65714531096746,-13.0659109592188,NA,-2.80904745477093,23.2420303534051,-8.7380310064362,20.2953265968776,-3.18596076908712,9.04805726699914,5.07595278164483,11.8777278638294,8.36433552563142,10.2086848281579,0.498951191437342,7.66174797286145,NA,-1.35937768197813,-7.2563542383963,-4.42802118260941,16.9965240753193,-19.2100463781906,-2.63990895385209,-7.76365144181304,8.90885491769964,3.51634699635205,6.57958613391932,-4.67939165662696
0,-37.3605259954057,4.09621245617704,4.56950657501071,11.0557336489539,3.10740184804385,21.5902084285191,-32.1099963884777,20.4528033332591,13.0260557032368,-18.9634331708054,0.573099787200306,-8.21340793335976,-1.63735051657581,8.1515540432721,11.7439202660235,-1.65453470105484,3.28266367042987,-7.60706804918915,7.64368398166428,NA,1.95893874230387,NA,11.441606813709,-2.89508749793769,-4.68763225228579,-10.661557706296,3.51479939570183,-3.67447961263531,-12.3130596586161,-19.7874494546536,28.0930151322505
0,-14.590097666669,-0.228167368858266,-3.16189379903168,5.93840472943404,2.82282305657989,-0.0954471514497044,NA,3.5247144804125,13.4758967644808,16.3432235894627,4.12561593806565,-13.2011908916348,4.54893052814023,-3.50098028648148,4.56468131429907,NA,NA,-6.42218071673422,-17.2998661310515,NA,-4.22853933067253,-12.1708739510153,NA,-1.06826293591539,8.01046061199455,-15.8159575601129,-4.45705820033129,-1.63807940117651,-5.63230761347914,-7.88551674928432,-3.6272282217719
0,-30.9801628585087,3.88982842466395,5.23078335779736,1.58273949294846,2.55354871302693,-6.29889727749163,NA,-0.0564167466486936,17.3349214666394,-8.24175916683463,-0.198230289966631,0.438570098571276,-0.843639784079542,-1.72214408591054,13.792156274256,-1.14752761868013,NA,NA,-10.9611216861733,NA,-1.20317776294205,-11.8688196796217,-0.974680751506689,-7.35059735907721,2.98603555603064,3.90817915981592,-0.975133564833953,4.80754931660766,-8.01428077494468,-3.98782951862239,-7.88547436840972
0,-40.5260527924102,6.0961582991802,12.8296685999281,6.25297116660056,-2.30508709494779,3.71424763866528,5.6954507340633,-0.110502403106466,1.44990928429957,14.4631589780161,10.6020655538425,16.5921148513239,-7.30488794803334,0.99629313885309,18.8119238377011,NA,8.99324000445861,NA,8.61626559442901,NA,-5.16548787716096,-12.6222732126248,10.4440242383052,-6.56900987504952,-1.98788304253938,4.49877708788868,7.56156496485606,10.7769126663064,-1.63793649275357,-3.06413445635367,12.6323987610062
0,0.147514806769948,5.18919233388162,6.74419436024115,4.23153192710842,6.76677468290437,-15.0820216011667,NA,-3.11440854445891,31.7650192532724,1.48039104916241,-6.13279731732443,-23.7873498604949,-1.29249357648361,11.2490648973566,17.9242789655621,1.06873360290919,11.3468595239252,3.62607393190505,-7.62541050713951,NA,-8.11216605860218,5.28590028959285,-14.0323775027505,4.79592089196034,-8.22519537050353,-10.0665405325818,-2.00221577587095,11.7652465430659,-16.1166932168137,-3.45681134191781,-3.72183263057737
0,24.9177679440295,-5.5057292964177,10.1174089160963,7.65878746830711,4.90532301741231,-6.91010403440309,NA,-3.88516975728017,13.4091309441731,2.09448223073342,8.49741545097493,-26.1048472136094,-0.487555688050492,-6.66175718679274,19.947743806423,6.33375777166781,-1.16898036141207,9.32141739811975,8.20623487832771,NA,-3.59854561840428,1.5684492373727,-8.13765406291917,2.42656705382687,1.2812586877516,8.65282331009197,4.97070234293578,-3.6200946897534,-5.43413871911966,8.26493317327979,8.22409742444927
0,-8.55861100028891,1.24398239302332,9.74514138834869,1.74493124639153,0.311682569613922,5.87467967874623,12.7037784147945,21.6475063757349,6.56918415618772,-0.351825578895443,-1.08347555999448,-18.6421617963965,2.36265053950562,9.15137353873949,18.4568502177585,-0.55629794736376,-1.22015033790196,NA,6.64443163988103,NA,-5.83860687620513,-12.6324752415226,2.02948276138893,1.59190145734246,-6.4658861360557,29.5146537436163,2.64093476804328,-2.47902684811366,-1.03270338319255,8.63900499215079,-1.66430505146447
0,NA,3.54395042270957,-7.18096366224405,-0.874828141076122,0.249596678963456,9.84692975799679,-25.8957946359864,7.95303495267373,1.87378932816461,2.87748234029627,-1.06073812265767,-1.81226910744577,3.38803397901958,2.57219890058107,16.5681508564397,4.83280836796277,-0.157988181420336,NA,-7.00785267398108,5.10567494814936,-1.51310566797659,-9.21476444477135,-0.47182923454028,7.09994282038195,9.19808266198272,-0.923020763520519,-5.08716097937233,10.7947270583921,0.0800974743576575,-12.5668348012041,-8.71988481457291
0,-33.0005362679445,-2.80820886665099,10.1968577877343,0.714956937024354,-3.97074385805611,-9.23469962835219,-4.10175040157185,18.1817286037909,-5.26482801982604,1.22179413755377,5.99934292839322,21.759251701713,-5.05764296393787,13.461383037645,13.2458481618288,-2.08811537797941,3.75524752639593,NA,5.41338512080756,NA,-11.4526988183323,NA,16.6400134494327,-4.52325378923202,-7.94844971349509,-2.42766798394459,1.74360160338846,-1.00090077193869,-2.89836769240991,3.73473791830948,23.4719758631378
0,-28.228760566953,5.93107953047993,4.08919423894079,12.4766291315859,3.83058004630712,8.79888253038882,NA,15.8934474076718,-2.03559722307411,6.28603660670709,-0.0669522169944372,3.85379691945761,5.06998023107725,10.3682819227094,23.4584633616265,-4.56410380978998,-2.63905865887375,NA,4.09732919850637,NA,-6.59250571756473,NA,NA,-9.55577208836058,2.21956776587663,-12.9742686912113,-7.66186544072313,-0.404155864994337,-5.01167453581942,-3.52437060896159,18.2922738751493
0,-10.9661243551644,-1.21373303591143,-0.888766316036339,1.98231482487708,0.654549640086657,10.2756334352806,NA,9.49785135880911,3.62118910171094,12.2141767086552,-6.81226797797151,20.4034854868177,-4.71529726713769,14.972823720654,19.6832407608663,3.84475784314542,9.75351835802944,-11.1180920273806,-2.33825202713855,3.38055421144455,0.996347445657449,-0.20732989033349,NA,-4.30835900169451,-0.678839375537905,-8.42319649405033,2.44716701490981,-3.11360598729478,-5.73105947000369,-3.2812413358583,25.573517820917
0,5.59572568802714,-4.41509042401268,-0.585079281083466,6.32459137674041,0.0126274487630269,-11.5110805863286,NA,-1.43148609191343,-1.58908413684023,12.4969184673264,2.97124586132682,12.7363005612167,-0.753021003772687,2.391359574091,8.03037565190081,5.89465923828344,5.73350196013628,NA,3.99951789520047,5.50941028320867,-12.7102369688712,NA,19.7457460250399,8.75481441199391,4.37421191556329,-4.10459096978944,1.63291383764211,10.8624251750261,-9.69863988381876,2.84266097698455,11.0755950409917
0,-28.7874139081137,19.4673341390556,11.1527530663349,6.54150477132008,-8.91981476905066,2.25801225270841,22.6119362360796,9.04730443414591,-7.6979604913373,33.375920840758,5.84157160457706,-5.29163563251052,-0.282150410614349,-3.99438998654124,8.47240547994342,-5.81982669339205,NA,NA,0.252328585990696,-5.26718056904626,-1.12317254118186,NA,-1.64790168155699,-3.29738758851384,-2.13645536601928,-4.47502239767708,0.678177303468743,7.63409180387263,-5.77262156175601,2.75759832945424,-6.67855544606174
0,-0.0669360910520567,16.7923789856345,1.40325817144431,7.40667398977657,3.87748957250051,0.742190820427084,NA,-2.08632334430644,7.76822076588955,-3.87996511015361,10.7586173811657,31.9509878726174,2.57206267790487,-0.102442162978534,8.91588477937806,18.4578461195615,NA,NA,-2.91627507504912,2.04808368310275,-14.3227475091369,NA,-0.331510095210668,-1.8433595540765,-1.86126195537881,4.16832752311744,-1.59423077934397,5.5773496669396,-10.7224365283864,10.360178350326,-6.91710193695133
0,NA,0.598696221477155,8.64611803411779,-2.15909177502941,4.39934403853891,-4.44012106440004,NA,16.0918437812152,0.66670362067579,-9.0820809811721,0.198814922980276,36.5647379468146,12.6201604612699,9.94484422408955,10.0720697890256,7.32459579671161,-1.64834571425223,NA,3.98364182489712,-2.89706001017132,-14.8445544114265,-1.78211774908168,8.1872100856198,4.43489430908724,-16.2849288906781,13.007042251082,2.93808564499872,7.37480244380876,NA,-7.67738402130857,16.850585425283
0,-18.0876846091659,-1.98484134827044,2.09363193963463,4.48185178071185,-0.663335837358261,5.78757644089588,2.99940150475946,31.7926772033005,1.9046668796703,-1.23258703768478,3.03628070323668,30.3546555081436,1.19791850506429,10.9231474028103,21.1749890812334,-15.466081839227,3.75210627277045,NA,9.77615772755985,-8.61410783507804,10.8710954405229,NA,6.7810945325184,-6.01517464254442,-6.29270521345148,-2.47487101653957,0.845322250773236,-1.88821069103236,-12.5518635330622,3.37421245811005,23.3428037661654
0,-24.9628487783639,15.5053588220462,-15.1267952104678,-0.982923157109042,-4.98871309783318,0.506719979812232,-18.0011547619093,12.240008348341,6.48293689875663,27.0207166183259,-0.712281262566044,-5.48595498334825,-0.993859083115439,2.51622313755982,8.88461804900408,2.85321603654438,NA,NA,-1.26581741812734,5.06326444231702,NA,-7.29958078961117,8.56756731317341,10.6669531546188,11.6736115169366,-0.452399018048212,-7.66777244682745,8.87063023121173,4.98859010406591,-14.3631217401024,-10.1373947197131
0,-19.8414746925991,10.9588274436546,2.78346709082614,-4.65960077572377,0.0513862418732458,-3.04250196776862,-22.6766789261102,26.8820032329639,-2.41078861645524,8.39700478760241,-7.37067339157934,-0.28508714544833,-2.66375104329796,13.0519818586764,15.8352287155991,-2.00062204164362,-2.03159394488222,NA,6.21361709689816,NA,-3.31590187930085,-6.59931593795878,12.8315010539476,2.75504658540204,-10.5451781696969,-3.87770707785312,6.46605034943863,13.1693997372339,-14.1821331308225,-4.70230198312845,14.9123302861215
0,-26.0206725137924,2.18785466202083,1.82679515190206,3.17666589526515,-1.4271043083707,4.80968010880679,NA,34.5344803070137,-15.0661476699333,-3.12842092349992,-7.85152724643686,14.0104090960971,2.79209704269566,13.3387797457376,17.418137795617,-5.74038318292383,-2.53297335983795,NA,3.36104717370063,NA,-2.37179742528986,NA,NA,-2.33868094531599,-1.30741662884763,-4.30826999295422,2.02805593642954,9.68407116848506,5.60053112884671,-10.8955213851645,-0.234238542988166
0,-12.2820901131565,9.27222435177987,7.79287341517109,2.70314497538456,-2.54451640410748,1.08468907317203,NA,3.43813207963626,2.30114014802794,8.9803619235342,8.57223445709155,-0.699562555551019,1.93729105104542,1.14979878850055,1.66775638804379,-1.10164501795826,5.49189023574326,NA,2.47227287862663,-9.59763694984392,0.43510486723369,-7.79125452044063,-3.74553095002168,2.61522249767188,7.63893152395045,3.42569363488532,-6.29766158717681,7.34479118973015,5.72138511373254,5.19136928290359,-21.9614329412259
0,4.28123582160225,-1.59892239381876,-10.0054898896052,5.83934757512093,-2.34513991646634,-7.9227730703221,-32.4371528140246,8.80671594492254,4.84238771783828,-6.02319578913129,3.58126232823466,19.744148812651,8.28516788671504,2.04400472278837,21.4161574032101,9.31252605154093,NA,NA,4.53404645906548,1.58617508734437,-1.49732648065601,NA,2.89677519594066,8.81732509103367,-15.7710230869285,-5.29630606780209,-4.44249454433654,-3.58773874779352,-22.0985761067991,-3.80358501216807,-6.19786597799546
0,13.9065807742076,7.63094220835384,-3.12911310388061,3.00760039699706,4.53297588676014,-10.2252945674706,-5.44509031897495,-1.58217300137908,-1.52406865391858,-17.7180849953538,5.37389001747957,6.70298634603679,12.6339764261363,-1.66587190214639,15.3333750860819,-2.11902194072564,1.79398589965754,NA,5.90173306297265,-4.47984046925002,-9.05562159990561,-10.1427007109944,1.7841570720076,3.1839432060592,3.43619731649778,-4.25407737381222,-0.886487310937284,18.0849500370235,-15.9645372833511,5.1144046797629,-7.75336347974255
0,-3.76950793566903,-7.31893290000017,1.8234033532971,-5.32170099522506,1.00493824315848,-10.145844822366,4.33637883161433,5.81288034176079,-2.77558533385962,-9.13121142152467,0.651138581139136,0.657434237411522,13.3539170812653,8.51144788004515,-0.985009814426476,5.84595449932712,-5.05510511834672,NA,-7.81693339237705,4.17360285465365,-4.9424935737391,-13.7276428298333,-8.39918087277021,12.8839298982776,-13.9625121103071,19.0295450015994,-3.89597725223798,9.35742746022314,-15.94068484173,6.30466502678881,-8.81328167090275
0,-3.5617072748903,10.5120400521144,3.64203673592787,-3.24763290611901,0.847940706651173,3.88028014922713,-28.384312335011,15.3756265773441,7.01290386581312,16.2030475243885,-5.43997152879329,41.2147499669839,6.05499311689401,10.7243739999809,9.96893785430015,3.24493039526214,-7.29711988911926,NA,-7.16986388240113,2.49366332801712,2.00210009604315,-6.56465501780792,10.3100853298409,4.67263942284497,15.5512272122412,9.16177824801224,-6.9144492484663,0.246198135264777,-7.01325400880738,-0.276599027216491,8.10267754301007
0,-28.4425739418664,-6.35351539307646,2.98524939455035,13.3171246167507,1.50147451736854,-3.30843045452141,14.1133642005881,23.5647916749031,5.46247959463436,-9.20334620590474,0.889672056407804,-23.3441804421564,7.3494075630113,15.5385157372219,8.02847224859573,-12.0609094336727,2.17456435349199,NA,-1.93844272060119,-7.13345085266293,-10.2344013723851,-8.0374946095952,0.304381279102373,-4.42025226674703,-16.9835618121974,18.6366709963735,-3.76199353563862,-3.49946464408634,-7.6001865623212,NA,7.2142718659037
0,-26.7822230216514,7.10142053915722,-22.5470506742974,-5.45152673410112,3.88838744594459,4.52531985693815,NA,11.2748821332558,-13.1297454709279,-11.5172314235317,2.62876490326997,-6.16499308725574,4.60545813476475,2.3215515976546,21.5153334327892,-2.13184350309078,7.88304418180098,NA,7.56590691764714,-1.95581739022295,2.06773343387225,-10.4460990449611,3.81036023103545,8.66947431239367,-9.24997413482241,-10.0683689977731,-3.71814214645445,-3.65614668238655,-0.762732667643903,NA,12.5320146598753
0,-28.4288048342391,8.60349426312648,1.24078334528021,9.87401285007418,-7.42255519070104,-3.78793726880646,-23.8611433529287,-8.41943544237721,-4.00106144359749,4.08948549063663,2.51618860930176,14.2849264027862,11.3497617593267,0.36558862464814,13.4875769707122,-9.55931858643611,-2.5034507594065,NA,3.89360836228857,NA,-3.15628554443367,-8.23917841144771,8.13481915715447,-2.38276049795945,2.00098006354825,-8.78216277498019,2.23212590013772,12.1957898451086,NA,2.50816447287498,31.1021731035937
0,-11.6039440446544,5.74704602604028,-0.576115105593701,7.12207403272916,-5.76563673632411,-7.55640753533167,NA,8.89968017433165,9.13915079943354,-24.5423167233929,-6.67199535923108,25.1383724911754,5.27297350480929,14.4086390065568,13.9937262062018,0.962062038784552,-6.1944115296491,NA,2.90516030276559,2.3280022656012,-2.15168374014326,2.66570557535194,22.8121590473732,-0.454357511196974,-18.3308254513065,-7.95674111234315,-5.62467514066856,4.98789569131657,NA,-7.88618142356697,6.84147761820461
0,-18.3016420531462,6.26895161772123,0.201974519334073,-6.00696393930144,-1.38966351425762,9.35250136709431,NA,-10.5575044523347,6.16833648617953,-26.974471437608,7.01290386581312,14.6106474355609,-8.01911366979995,1.12276303419266,2.63452031741083,-4.83069355840827,4.81272103344811,NA,0.644665946568885,NA,-1.60010980574114,-8.20851525279696,1.64606155838033,-8.91647802857216,2.15315715546525,5.25516969829293,3.63467206064226,-5.43190258540396,5.55954941550453,16.4123300464842,-10.9048462522554
0,-40.2362894256375,-17.1354398469355,4.72384034740827,7.26340863838939,1.24987232774166,-9.19306911424288,9.64349841459932,4.38717084871848,-3.08597502521211,-5.66919292204703,2.34279240325252,-12.8998901379811,2.51924441021409,-0.798771979280104,10.286338631241,5.71211272466695,3.09398530556042,NA,4.3871089070276,1.01151165791427,-15.1962566133537,-2.30030778254203,3.69552032952026,8.59905120530884,-16.4922996483386,7.39522717050517,5.7663095248402,11.652303507079,-10.3922993106752,NA,1.23996347469991
0,-20.7777850776622,0.456647010562847,-6.37841592676682,-1.07992188704226,1.2942918711574,0.499791914445169,NA,13.2788439305362,5.19392333282516,-14.3628700374603,6.232474869236,5.24486479176554,-1.1326077775793,1.60571710210084,1.98428748123364,2.74586856725975,2.26164934156147,NA,-8.43813489334299,11.8699841796356,4.86487290576537,-5.2126450576642,-2.70380487894509,-0.172539923556755,-7.08506150257986,-5.2579919993731,-4.5582307986709,12.7005700572517,2.86240942545543,-7.26440957990193,-5.37637317795254
0,-38.8354695544702,9.94536889871829,8.36442353142475,14.7199928232356,1.35002571464118,-9.43793574782443,NA,28.095458571751,-5.56320805283706,-3.93261577162763,-5.51629533932746,-0.100092744519003,7.41922776064852,11.2675714592655,14.2757433962553,2.43971571561381,-6.48202977662185,1.64358890910788,-2.99779645960824,NA,-6.7116590086328,-7.0635875909081,-2.046302763844,-7.90156236265389,-8.36279260053687,-5.46158149491643,-3.89220525174522,2.90907489568825,-13.9640108117115,-8.30621102484352,31.5415985972268
0,-4.52997984412353,0.398667926270903,9.15642277225484,-2.37982002000219,-1.77683724041614,9.64962679037743,23.6791198678023,10.711571129013,-1.07045157313564,-8.06354540365614,-3.76671903879979,-8.57258008966933,1.95381441239751,6.18376148938503,5.07837354847047,8.15337497628468,5.59162371421074,NA,-12.2633357730432,2.62334518698349,0.280105958130036,3.93533393422186,-8.02555133012839,5.60989071880161,-14.7036501034382,20.6302897860781,-3.43939826919284,18.2204788992751,1.63017317443577,3.9045697692858,2.14220185560524
0,-27.0885125408907,10.383372288777,1.81338237843096,17.0760505292217,-13.8791706582494,7.89140810360134,NA,10.4900228206871,6.6015128115826,21.5767904596803,-2.49929510946015,-20.5104927387985,2.61916915037837,13.461383037645,16.6442595966194,-3.52694637966549,-4.08520388558816,NA,-0.19877194024788,2.60072561568111,0.441530401874303,NA,-2.98311970855902,0.118547699879109,16.2461004095235,-1.33427449083408,-5.98131876338006,-7.77838057928029,-10.9481128248722,3.57392633992875,22.6748193120313
0,NA,-11.8801887279736,-3.33546138152765,4.67075440514085,-3.55732886549065,-17.3437290958571,NA,-3.1617889013594,3.22088185922726,-11.2965541751058,3.22368454345889,15.3809444562069,-0.40112617870281,1.20584406366601,29.8391179929128,-4.9942027268674,4.47313282282486,NA,6.94990674703438,3.10531374222998,-11.499576281952,-7.96398453215987,3.83031352330867,-2.14167819382865,-20.7555581548936,-9.18816358911204,-0.266024005085455,3.64032311429766,-6.34437444898072,2.61360296314477,-0.658776594335038
0,-22.2939015246497,6.50136573471899,-3.12636017791594,-4.83007285184975,-11.1840945556306,-0.559575883427883,-20.6436832308837,-4.4796698012414,-4.10377191437943,4.70764549926609,9.40523009556951,24.9852928055916,9.01809693044828,0.843277884941998,11.7624037059877,-12.0597936157542,-4.68035877679813,14.5849095939211,1.40664197697984,NA,-6.30862536872753,-8.59684212780063,-0.145329843128721,-8.10212499003537,-0.918469477871909,-0.564019498268053,-20.1512415120761,11.9091285356905,-12.2312086942308,1.60514288128513,-9.82693758087869
0,-3.50564607120408,9.60001381301201,-1.86155530438225,11.4087745677724,5.29122557198383,17.0198964255311,NA,-0.298149047768334,-0.695914037359373,23.8276077783235,-3.73182695012261,-5.0518004338104,-7.96762181305641,11.9768867542257,19.1330034158335,-6.56802363645485,4.68177718211518,NA,2.06084581794086,-8.90968363189441,2.18058245585075,-2.50048579846242,9.90427836752794,11.5627396517025,-7.71840426364388,-7.3343052134851,-6.46461663862355,23.9504843721753,-4.48096133523342,-1.02617726629637,11.2389140208196
0,-0.955469540754109,2.82282305657989,5.33828055367562,0.294595536144179,-2.80657890430024,0.0908352778210855,14.8653654299034,-10.0991979415816,7.9110625865622,-9.38636339611439,12.0756213023885,8.60315083224256,9.28323736377808,-0.746857071260621,4.64415611955486,14.3823178515029,-5.08083062411998,14.7562230499523,4.03748527977557,9.53987005307096,-8.54524847608776,-0.0644634871047742,2.05615466546465,16.9306346426944,-0.373425806015845,-0.96362225116809,2.45696164858754,5.41723715074849,-14.0927895997258,NA,-3.78194036880488
0,-29.6244687257427,-0.526636448323345,-0.513488590333864,-0.672486221566714,-6.66360512923669,-5.73408661757611,-28.1493025651065,5.19508627887123,5.99854560216197,-12.9270458680956,8.67122048730008,-23.1787686724844,0.424473733012732,10.4218579972678,15.5826935896258,-14.9993272666409,5.35024348058057,NA,6.94737908466493,3.10566503381988,-3.69267621269201,-1.58732046767881,6.87458522400085,-7.48285454407535,-29.2872605124363,-2.84788763273464,-4.73757074896321,-2.07961877714895,-8.99913374531637,9.49079259073692,0.467679248910997
0,8.30373957513177,2.5417909604474,-3.97201348047641,-3.68338610303883,1.20128664838333,4.99328819246058,-39.5168350471738,4.99616925932617,-2.84839046385463,-3.76625907811213,4.74540815959762,2.12298829530106,2.44136437462213,7.85617593743967,9.49462340248428,3.46849395452183,5.33072156949572,NA,-3.98613897041722,2.8052250089639,-0.292317387536841,-1.53830910073577,-6.33227882866084,-1.43310778430397,-5.70255657629407,-3.73962209010298,-5.65549405057493,3.13510340410576,-9.03277157352598,-3.66759891462888,-5.41495928358911
0,14.505340455489,5.03715122163608,6.96731323856712,4.78543527112527,6.0052066321872,-2.36508352905459,-32.8748700384398,13.6452595096935,2.94945600005094,-1.7657715664002,10.3889557062098,7.1139864006294,10.4414768907253,10.9231474028103,9.65559498467292,9.96718455140427,-3.72585358229176,NA,-5.48255374268454,-4.75203786759003,NA,-2.34930033059707,16.5690487752398,6.6805377250391,-26.3580263017257,4.40431427201045,-3.08235797715579,15.1089230127511,6.21903333361438,26.1994263646139,24.3935183253506
0,-17.7698508225746,5.94209375860203,7.96263519559854,0.444552198616776,9.07584278823167,20.5039070781681,-44.5694675864587,16.8821890583422,11.62986846149,21.869733225883,-9.52946450646672,-2.17407178403943,0.793116997389404,9.43090806900122,11.7143952234633,-14.4908073233344,-7.12876415051203,NA,-4.54258043968258,7.53975312063697,2.51859299302591,-2.70193703980902,-0.54890593202046,13.0816882031418,10.3343702131821,-7.21742567649002,-2.27932398799489,-2.20095574039608,3.38635910370702,-1.04619213422906,20.4068644694675
0,-8.31783382684333,2.67145013319426,2.2123274300733,-6.20640971092877,3.67871581345254,7.91056219161857,NA,13.4677501544903,6.23351294425487,0.323141971439114,11.6956102253211,-3.74362157988229,-0.591299771093531,-0.285603732454874,9.30273611673729,-12.0625529868907,4.09635281214179,NA,-3.57345127546674,6.83526964296463,-2.25365075699646,-9.88013102727938,-1.55148761228997,-0.27549941665697,-1.4033614808336,-1.71707606694105,2.12681053839319,-1.27783138006866,-1.69868044918017,9.37887622671025,-5.18337584205691
0,-14.1190239094273,-2.8876811908827,-0.546445772705937,0.640472860290231,3.52494358288439,-2.48320260380797,NA,-3.93930031352255,0.39362905814906,-7.15933792460851,6.64342701242697,15.9673484081302,2.97400588879208,-2.46434913191192,9.69454108531885,0.32433488360806,3.79614561262645,30.8128859918124,5.8593599577265,1.82156586866563,-9.94695179545591,7.92037248041214,-4.13983529617468,6.62939813368625,-16.4649364898656,25.4277673651809,-7.81172479032388,6.62721698508825,-7.17906433323703,8.49581406663228,15.80539390074
0,-34.9843531265051,15.822956148221,-6.51258965264751,9.59329135453616,-11.4624495686495,8.08802594471312,-14.2749595762661,-0.198329664085037,-3.66691904303246,17.2185355216792,-3.64994164634666,12.8194148387566,10.9719346441922,-0.289224077838313,16.2864524182126,-17.3832403077857,-5.09185502269575,NA,4.03414093873542,-6.7116590086328,5.35399346612908,-6.23009952806542,7.57356391458117,-9.66149227124444,6.23808091851831,-1.78805953785712,3.26235695337093,7.99093068275763,-8.86386317639962,7.75590724419861,25.4078885667186
0,-20.2331941872191,9.47439058168916,-2.5098827827583,3.66760652653396,1.57536414210182,0.372237818911657,NA,-0.395103263737454,9.8918494686243,-4.99847498691466,-5.17526854861887,-11.6911041992421,10.2540047789719,12.7329488818823,18.5794432946836,-1.4337269823335,-3.26101867444301,NA,4.4181693122252,4.90484464697084,-13.756564786323,2.57275191487516,6.10951455377055,15.9329781751171,-11.2386412142977,-5.75672867840343,-3.29714946976914,0.827349887148515,-12.4107863378026,-1.34184412411701,22.0655232399975
0,5.56812696480188,7.64364518001767,12.9985846087907,-3.1643852291039,-0.484411304374206,8.75798477122324,23.0229008691659,1.60875398145332,9.4719448722164,0.678824613693934,4.63584223766995,15.7100083577074,6.56680008353288,10.1107469484366,16.4153940522445,9.2269520035901,5.56071463640664,NA,-4.2341641236894,-3.99723632817403,-0.982258493431715,2.80829024654469,-9.36485922296357,5.47892685132297,-4.80720152975951,14.9170318796658,0.128013239192555,10.1868752531834,-4.05801902190555,4.14726519909186,28.5861476673302
0,-27.5805492064765,12.4206480236834,-14.9200604366044,0.426141979340599,-4.39552398298472,17.0812891962123,-38.7462332543844,-6.72467180474595,7.77439617329928,26.4094045771042,2.23575732647794,1.88212121106849,-9.96094408744368,2.75358742851756,16.6688353201318,-20.2014305886877,-6.93184252967164,NA,-2.13449029677295,-4.17818532247188,-0.0270285173941716,-4.81249904628834,1.67133543304588,-10.1560868659896,9.47836390837267,-13.559277763687,-3.38193169615151,1.72392315883295,-6.13239525607462,3.91043603423898,23.4561218637897
0,-17.4838113906982,6.94229463630884,13.7771830191532,-2.02119439797021,2.67365940251857,-6.8623590120676,-14.0307310983773,6.17456079721853,5.31969226068925,19.4456323926989,3.68367818805734,-1.06234062283629,-4.14936031006192,16.9436962570182,13.9303677742966,5.29232762190897,4.23264366065777,15.1014131573442,-4.93711889706646,6.91358808740762,-6.30810564994729,NA,-3.58937451393106,-2.57106168620648,-24.6639918244578,3.8563787069551,-2.78730191931093,13.2421435007037,-5.51599339031526,3.73206894199635,NA
0,-5.69336119289669,-1.7312922792555,2.17661703993171,8.24704257649657,-5.0536243156553,-14.3419818389821,NA,11.3627811182979,-4.38597526831173,-7.73875615540936,-6.15052449512739,-15.6138947210276,9.73426088454444,13.3944450855706,14.8658450933521,4.77908843526404,-4.14785257126282,NA,-5.03194856959465,-5.73703606119604,-11.0667313097175,NA,6.55527255529663,-2.18770048164863,-6.78685937506788,-2.11522750122812,-4.08939543981047,1.9445639427631,-7.91726131422114,-0.251294537065831,3.66115001092993
0,-11.9928436781885,2.53562617134672,1.2641026414521,6.48150643364855,8.45557682332471,17.8669917046386,NA,0.535381188184573,-1.50378665563076,29.1204567350455,-4.77453749486997,6.21406052155193,-7.800019742418,11.791853704831,17.0244392253762,-0.210624738140993,3.12904824475062,NA,4.79000961143331,0.0667040447657001,2.1718552589863,-0.317046815191034,13.2648049447301,6.65922979957398,9.64770550860905,7.73471550787258,-12.4476689665533,16.4850097992382,1.81607332205149,NA,8.9580493403317
0,1.62178179844828,-0.687046885125739,-0.286654623633069,-0.577615981348245,3.10041962886106,-3.6644406616477,-1.81907900767752,5.10065659799342,11.6136623893481,-8.38484145489397,3.44254955601255,4.47284940063105,-1.27592227689305,-1.48740066048531,10.6710329292676,13.2113483066492,3.70550901393199,NA,2.83670782681613,-0.0894628517323355,-18.056787132093,-7.01176704123966,-4.2347190183038,1.96190193941102,NA,-1.28176376115073,4.34224616137742,10.6567846567528,-12.507512769001,-3.31392698487554,6.62831458670144
0,-14.1749597390502,2.75465743207916,-0.339821909556591,3.17512666419672,-8.36545216758758,9.37224407123605,26.5300457076261,-9.18271750170035,4.20845282965057,9.20710554620868,4.75595468724926,28.7883745281113,2.60638584684902,-0.956911166549844,13.3871615858191,-10.5338136634593,-5.28867762317967,5.94158102387941,5.01329079027221,-2.43101753870604,-5.47084323790494,-8.63674096184447,9.22939395442759,-9.89469006280908,12.1351918373472,-8.19221449589527,-0.742591949978532,-2.76985287308926,5.95035692446766,17.8531903499255,13.7633129611328
0,-21.9968038739566,-4.29741836949837,1.91957716660475,-13.0167959632286,-1.09467706128955,4.2374385410518,1.27132856555568,-1.28004497663242,-4.0686014390706,-9.81767134830763,9.57654702393526,25.6432006479863,11.5417422729762,1.68540262743821,14.202751018197,-19.2935707046362,-5.39983505714957,NA,4.60722957233739,NA,-5.23799053983687,-6.58224510284319,5.99568272837583,-8.95074855557702,-7.48029215585288,5.61972159201957,-0.0816083286041049,9.87340976087877,-6.53342852650299,2.19777401673596,NA
0,-12.7302211246866,-1.2672001776313,6.48662414720619,-1.46572209892877,8.37489415291545,1.77435397351638,NA,-1.820149138334,-4.40348906968651,-12.4281588971465,0.567939324246552,9.73093354651232,10.8438737779405,15.2387565992235,6.79174376181129,11.2107254356732,-4.92419797824221,NA,-4.13264605205062,2.56520919596849,NA,NA,1.13082193948219,5.88600470170871,-14.6621100203799,26.2841663839623,-4.62435698552299,9.96817914097876,-10.910724727507,13.6059086040839,15.2555809185827
0,-9.60041942937664,1.50869529861009,9.51865359600296,5.694446409569,-4.13173586106285,-5.78957046955007,-2.23041240382942,14.0095693455747,3.83901109529481,-13.064103083117,-3.66096709989972,-14.4438302097506,16.4054500430268,10.6262891182133,1.83670200328112,-13.9668772742108,4.0463718727775,NA,-8.00619821327679,-6.60518271695373,3.54051331327943,-11.8910477974292,-8.00698278479852,4.05002126421648,-10.5223626076912,1.38250533352756,-0.0186474062228115,0.657677622810255,-10.69413329145,9.08268410005373,14.7720601505687
0,-3.22244857103841,13.8176432693566,-3.37728253888318,-2.23691460392149,4.06244640838678,10.6586254069089,-36.0068241491674,-5.16737354394375,6.68853698467228,18.1062631700471,-7.18349121007724,3.84457859738119,5.14393460811931,8.25032064757956,11.0085726736041,-4.45459733754039,-6.40668258646255,NA,-6.22335867258866,7.7009825645037,-0.850719562603686,-9.01276697340312,-12.6827352078554,-1.18694926492562,12.9420929894232,-11.5850453914655,-3.1452292300557,10.5548059462727,-5.96920486814756,NA,7.53474992311712
0,-12.8607601072964,3.29712581381395,-13.1496190007555,-3.49932745687916,-0.236003610238029,-1.13101248321713,-27.0076207664102,-4.17142819014704,-4.35626536687018,-10.3535861177904,-1.72267839421448,37.8592278084807,15.3352718042375,-0.678994475461423,4.82972467080279,-12.4115173183339,5.96957104758859,NA,-7.17195945561019,-8.34412048663862,-2.55887937177756,-10.2306377284877,-4.27874675677179,-8.53902955873407,-6.47613609097733,-13.1897264327163,-6.91517029303255,-0.689576320516409,-3.91556545813272,NA,NA
0,-41.6326040748795,-5.75508068811695,0.821279851398145,2.98912584593906,-3.87704748466251,-14.5827523301534,-1.05621968882858,19.062430778642,-1.94121959227206,-5.07230794983433,-10.7986649838109,-14.8967671753414,21.8029750967886,-12.5004837854062,14.100806392842,4.77978346719742,-11.2052113935851,3.35307732718702,3.07756287410727,4.94902029595589,NA,-9.52981163806518,NA,2.40501156409695,-14.4878328050088,2.46422680980524,0.580198301067881,NA,4.80762849004556,8.05943334336159,NA
0,-23.7089523963616,11.4107763801905,3.5359511888276,-6.57906271631276,-10.8626094739172,13.9703330229065,-6.93391726085018,19.4251918018749,-10.2438820330551,5.99379703361323,6.06738422837237,1.77472320894509,1.32910600086063,3.36513047064956,17.5706707818092,32.8959172900229,-1.36184908911919,-21.5563155288695,13.2219234258568,-0.0465163481330961,-2.36722195554819,-14.9640883158826,17.9097476491729,-2.50877949366779,6.29286437239037,5.81181643976555,-5.95216918203749,NA,1.58718143027123,-0.73722937054076,5.65769653468898
0,-43.9026175185194,-3.19373348672251,11.1988658424482,-11.9860806052118,-4.66487314401834,2.89920270952155,9.22867189475664,0.575753274981693,3.60251101173925,-8.70417833155186,7.80373276043363,-4.40990411062792,12.1973378587306,-15.6248862647025,27.3853232085537,-1.01671140016377,2.68527889518934,NA,2.53841625836767,-12.0396929123679,-6.72623903694731,-18.0687786499226,12.5599131253212,4.93802763125052,-3.87305788341108,1.03756737717069,0.0159451134838804,13.3542889219502,4.71316033967045,5.55561483582912,5.37040319731835
0,-26.1390025657981,-2.02216479390442,-0.374713331543433,4.53550130251419,-6.25502119393956,0.642246457208714,NA,9.37449159313184,-2.60986575585617,-11.2356382550104,6.19915151582222,5.031700776596,6.67618817856552,-14.645357685642,22.6297554969702,-0.620894364689818,6.44733216150551,NA,6.78481239973378,0.753721934483337,8.34171675378622,-17.2089389192686,1.37852934669432,6.4163526797208,-5.86763707092338,-11.7879463891873,3.00237068513685,6.36820291562434,-0.115265024684732,-1.89132794987492,-1.37320068010689
0,-33.4483351704878,-2.17407319236756,-3.23251368243501,4.61666027360988,-4.36792909215757,-2.66386767967482,-23.7176559670203,35.4024389954243,-0.329352104629123,-14.4282324032182,4.20176871062708,-12.0926666610886,12.3663533144811,-12.0281582187734,15.0778616712477,1.66994280650226,4.28772290028054,2.64575304755252,6.07059266520938,5.54148740126342,-6.97005902392246,-22.7360689304121,8.07802872163467,13.2533019367635,-7.43482380840081,-5.16759517877078,0.607999340197878,2.33345270641284,7.37195818199648,-0.627714052465663,9.17617760570548
0,-8.39206909495638,-3.65576615639534,-2.19391452424978,-3.67545305572943,-3.49702629265201,-1.39889687032764,-22.129752454335,-12.3941585137993,1.22103690996427,2.08541143757077,6.49009152359767,-7.22811782173891,15.3477242596579,-8.33655290019253,21.4107371950383,-8.3867090294757,5.26740751596071,NA,-3.19047176557828,-6.21355861866111,-15.022774659494,-7.89576162627429,10.676316931518,0.188223302443888,-17.6705980926466,-8.74195135954054,3.12667761192068,7.90329970781551,-0.975621356975452,4.77888559451506,-2.62679701259962
0,-27.2129718456833,5.45504739591848,-2.01271032384582,2.64028454033958,6.64538190540524,1.40945903061727,-14.7092665064608,38.0287510710843,8.17858373001897,-4.38325790346259,-16.0087734257875,-6.80117744377168,12.4608858073926,-9.04024849272831,19.5947464455815,4.65071812483114,-3.10444420664105,NA,12.4025612537517,-2.51912453170743,-2.82088888888089,-3.5613691957919,17.5858836202853,5.14412005949234,2.6009871672744,8.54341809569323,7.80104658684076,-7.37235502263519,-4.64253985868484,-9.9799016364514,3.23597528476964
0,-22.7848552106961,3.73503640564923,-1.57461590934191,-7.38063724127623,0.767154234815692,7.5664945640905,-17.6009150389379,5.52569439983051,4.78972547906736,2.96456741311606,-17.9690857631469,-20.7312426629106,8.20533598891205,-3.23007949769946,29.6213528477982,-0.271804162483704,-2.78743532386777,NA,8.13394330316486,-8.03710889316245,-2.08219374618918,-7.03347539057351,14.2779895424628,10.960501298012,8.48017668105817,11.6414867717067,-4.02156876001596,-6.97967758080831,0.597174748611948,-1.28946300247093,1.27069354891769
0,-24.3387871236457,0.196068496640834,-6.94513223600593,-4.77875334249584,-2.79187885971487,0.304950115479457,-18.3489296173303,-16.1701288913268,1.82001220387751,-15.5017014658712,-23.010995133305,-13.5217088661497,7.31551398810262,-5.36529720846428,20.5756725500394,-10.6087019584502,8.14751031433647,-1.27532402388657,4.88432692212768,-10.9910145908366,-8.83707169406482,-13.6522314245357,5.85935047087592,1.1343123225073,-7.8636447501241,2.10200598717154,-0.497452750302863,NA,2.4470078923008,4.06842212888122,-13.3049897923951
0,-32.783404028431,3.46789769821473,5.10386540412972,-10.9906878908707,-3.8136521307144,3.49149266148164,1.57598143887797,26.9526945571165,-1.67093128743356,-4.26678343916396,-14.828249527798,5.77055406648145,-1.48950389189297,-9.51644241240697,18.556851666635,0.573645237526591,9.32951019004847,18.4342808948286,7.80270502762427,-5.10678199445947,6.5557938321369,-16.2321100362327,NA,1.99879187914472,18.6217793750151,-0.764167080648861,6.11678273551757,-5.50340672047683,-2.39601435496327,1.17178859293524,1.20319263896739
0,-16.4857981476873,10.7187120624873,3.03639916326609,-19.736235261795,-3.91144529223853,-10.6997404653485,-20.5193894839543,-0.562759599951974,2.66978310494514,-13.6399615944307,-11.2691755637355,-15.1759292711951,21.0971544819187,-8.58898236736366,20.8085158469769,6.44821722683164,1.72681428008939,NA,-0.992390549835619,-3.3132724133033,-11.3245882960567,-13.9953818861228,NA,8.98084534168859,0.949160475303913,8.83918547269247,3.2172236524241,1.24759561051658,6.29354874105297,9.26655170123473,-12.0330893338739
0,-40.1937153202841,7.51761433338868,-6.09177192607129,-15.797429299138,11.4297068974861,-14.2218178277246,-10.6459870597584,16.8361455287268,1.56972039650782,-4.88284219078774,-10.9241572117683,-9.52304994308254,16.844301189838,-14.2510314954552,13.4771376856641,-7.71671457961028,4.85259891390554,NA,3.89116191289961,-11.7765270529786,-10.8375264239565,0.961364005862066,24.6433782682821,7.59597444379882,-17.7248871542385,17.2153408162778,-3.17138934392287,14.8029079930714,1.68346815198265,6.73330317968367,0.914148600867364
0,-16.0792908536843,6.71045794133329,-19.6883325558605,-2.46573079859411,9.83248432959901,7.13829214783408,10.4686324059504,5.75767450406026,-3.26021120415065,-13.6280932322614,1.72820531989794,3.5791365528502,8.96404849649943,-13.4294536919548,17.4460034135463,-4.34312693804466,-3.37705335876565,5.08696590077234,10.0748043297472,-19.9354022890883,-6.60964665605903,-2.34518798242166,11.8376966935199,12.5775940128146,-18.6054536215376,-5.87870909431787,-6.48524219852942,NA,-7.23717056105359,-3.34321626942472,12.6165819481551
0,-11.2035442910838,7.59657809537747,1.77700490359386,2.8140841772563,-3.66933164714968,6.68650306477338,-46.522255600936,-13.6221290797703,-8.27041521319815,-5.8491162523472,-13.988461557219,-12.5869524454553,15.9221547213188,-6.84153867990187,15.0478701598004,-0.805335593463326,-3.7898900138224,NA,-2.6879699271725,-10.742471026274,-1.42005039127298,-5.3246693722033,6.92288154814645,10.8039263547426,-3.76620208420715,-1.42724495992792,1.77465962306708,16.1816876360448,9.60558737742849,9.52424483370261,0.581971531705037
0,-23.27720703293,1.28727257758464,-0.251343435178015,-2.05695064349908,2.59213550866163,-8.07157988087566,-3.21831430139027,27.9817950552463,-12.9675305855454,-7.82369874201683,-14.918117192841,21.0786943042396,13.5950482787817,-12.0427695759265,15.4702892239609,9.32471440808635,5.31289188151274,NA,15.5728425579285,-17.6494778604029,-10.9663020806845,-19.3441298491313,NA,14.5223099235572,-13.4531318464952,-3.95404015967642,-1.49180340172919,14.5632150012456,-10.4529472683243,4.33151313354492,10.9333364005236
0,-30.8108787721752,-2.8151563394416,-0.787663642953319,-9.9995063307649,0.904157727117358,4.50675882359134,-17.2616760878648,36.5183873606215,-4.54375453180377,4.11431695552193,-23.1605597621376,0.180616321945692,10.8775356390459,-7.38758783624645,8.77551269472755,-1.80446474093486,-4.54775331780674,-13.7939169260197,12.7384884913767,-9.33123491293146,-0.176680864166869,-15.5415453203164,NA,4.88846456142616,7.35792113015967,5.24329055532615,14.4776600621804,6.37524669758206,1.08605248213257,14.6582791452752,-17.5457460233937
0,-26.0521795903916,10.4712222385281,-4.36129685568206,-6.50353239623529,-0.917048737148434,12.9410063543151,-27.389508744072,17.4963764058132,4.85026730535616,-13.08220596072,-18.6730218731089,-29.8969006251372,3.00118737832781,-6.33127091924374,10.8567569411505,5.17402547017284,5.37411965981217,NA,6.94835448951795,-5.16783335167524,-1.81037995862802,-11.2384041383528,9.27798697852755,-2.44510217463626,-0.314027947977635,-10.6981102220974,0.413636201912695,0.928788030551956,5.66502644125944,9.75067310032185,1.17165204153959
0,-18.2506189769865,8.45282569091349,4.96475420127373,1.25608167790315,-2.91528203383604,-11.0404377553939,-37.4743553195752,15.4801538206917,-2.780963725866,-4.85804501426766,-15.2036533645591,-18.2934035871755,6.9613974565557,-1.67822435464026,15.0283389468016,-4.71641696694543,NA,NA,5.63546675289545,-3.60923115561428,-13.1635229766149,-8.09993039427837,NA,16.4569556737646,-20.1520575998458,4.90493308969012,11.9878022864352,13.250047441347,4.81306799359146,-2.23755351009112,-7.80002313619096
0,-34.9723578619041,4.88955444506226,8.82615752200776,-2.55771050340711,9.33350418321083,3.65631497115152,-2.76862132903122,-3.43044785829383,-2.5939834381615,-17.103716203513,-4.15735243022429,NA,16.7827665508715,-11.0464088833851,23.4984502954768,5.87256049310147,5.88609474585945,9.88225463158646,-10.6412030990942,2.75971896639554,-0.389017060010431,-12.8130950952566,NA,-9.90707796094784,-2.11838099361196,6.33335422816677,-0.818640032511041,-1.14608203493482,2.88749528709187,-7.34465562733628,10.0484836958938
0,-2.0708034837627,8.43874191528843,-3.93808001442456,-31.0345436902922,1.1228277217695,-13.0055810492967,-13.9010668829608,-22.306694018157,-12.703876294744,-18.7743642425347,1.36981563444121,-24.6849028848564,18.8563982576748,-11.2744093177273,29.1305059478046,2.61192544950924,11.3452262071395,11.3518701404195,-7.26115481874761,-8.75846326874176,-8.49846972112367,-11.7307637369274,4.39636757387951,7.95009187562329,-16.6042516734993,4.62379251170859,-5.55333034428656,10.7410372945732,8.26672857582945,-3.7013467406628,-9.33750839479377
0,-21.6184492420052,2.91689683947974,17.0081114859325,1.31604269303033,-0.868475824884726,-17.0753799602583,4.76116197151329,-3.25600760525801,-0.787025686281766,-11.3307869323261,16.2367795069379,NA,8.6126823762752,-14.3821084113924,19.6310171281744,-3.02619122242638,4.84466225297292,NA,0.390924362151353,-9.19232131979547,-8.87792444112807,-10.706414151455,7.94285651821703,14.2407543096515,-20.9476906308042,9.61840052842783,4.27548970385068,9.97914876673812,-1.19673207592795,-0.689812095660002,11.246142451803
0,-23.4672901478363,11.5600839792078,3.59572333027499,1.07799226834273,-6.38582960621049,1.44813124903119,0.187522768254937,13.1145134367772,2.17410033050029,-28.93829893373,-18.5289597343376,-2.68284378413531,24.5485411436476,-5.30499381509485,18.2952933053262,9.16719259558937,-0.830128649268744,NA,0.591935515023295,-2.78017399602565,-0.828892977325168,-17.9296802999187,NA,-7.02631334763182,NA,6.10144299219965,-0.53125699935525,4.10386289284364,10.2301958407551,3.16548360349799,8.21065712697215
0,-19.2062662551314,2.11127899620941,-6.3107853243621,-12.0532735049923,3.78823043281089,-0.207865149613895,-34.3173222813522,-6.48787172724352,-0.28849820494159,-15.1234977575031,-6.26828247333547,-14.8778593278084,18.4985588794937,7.46084424420626,32.766930732289,-7.17962570322756,5.97574823521006,-7.44275332615138,-10.1703082788468,-5.90759869535219,-2.3473383184037,1.56866271343409,1.89269094497861,15.8495255869694,NA,-2.5271236569582,-1.64479911091014,4.9306179500073,-0.875302135326677,3.46734467148757,-8.93744747039548
0,-23.841024620334,-10.4832099587079,7.04240948661588,25.4267485377367,1.04095564324133,-2.25778222561614,-24.4931591033014,22.2548554571448,-4.0323162542677,-15.601340137684,-15.0637809808707,NA,17.2957525216382,0.766667476172273,26.5511125556278,0.916101198237072,-8.67670089578824,1.52359242186257,6.74062460687853,-20.4073918059687,-7.80319214381421,-5.74194229818914,10.9911923077581,5.0662030763424,-14.698505368724,6.54507145883633,3.88073075260976,-8.64512121585335,4.88161885621432,-1.3072205403864,8.11418349211928
0,-28.9305526123919,10.4158630908284,-8.19661168051842,3.35725225445437,3.13205539917482,6.80607668636837,-43.2755932913363,13.2391003325986,-0.365031913620662,-15.8077009618119,-15.5127828674447,8.78726417914466,12.814059823675,-1.34216240320733,21.6634992266819,19.5658363750055,-6.88507124221202,NA,7.16037162371975,-13.7016893612115,-3.35688988833489,-8.16680823263555,20.288449120517,-0.842449959092569,0.950401869941288,-10.9874678878555,6.02127437512257,-6.36964725680483,-1.8325153142591,-10.4464599084474,12.417271243033
0,-12.04284128301,2.25844994757534,-4.3045492659367,-12.7813520983426,-3.58347935089473,NA,17.5148351700127,-5.7971195193532,1.5829632825434,-24.9123667148332,-12.8119678411016,-9.16667411575063,9.37798349444691,-6.02506284084811,30.8884059538857,9.54268843116395,-5.7569900587259,14.0885195174619,-5.83572561264945,-10.5180793964022,-7.34675334664105,-5.55163346912603,-0.188591985249737,11.1390818481495,-11.0188304925019,-6.27259003367656,1.08944762683554,-13.8948869621092,9.16481648246022,-9.77667026095668,-17.9974932844765
0,-3.93492819595933,3.11503324857365,-14.745007659976,2.74882258620961,-0.466337118366212,2.84782158092384,-22.3807041802237,7.81776221209365,-4.04145429591111,-11.4098787310105,-22.0619541981155,-8.24924416811487,2.94525292403433,-4.08764677081822,24.3065391613674,-9.52816692160881,-6.90493842974188,-12.2580985202634,6.75093558984653,-9.02299315068217,-6.71810367136182,-15.5072790247791,27.754540663936,20.2727420009756,-22.9068305239336,-0.0172128626116006,1.47855289798645,4.9622479456269,14.269180747478,2.8429371119223,17.2735246010381
0,-21.3104219863309,5.18558717356545,-2.31270407052567,1.41284791702022,7.80444266699445,11.641512462942,-27.6083657706449,-3.25670866935486,-9.13945375340003,-23.7936386609067,-4.65154506927364,19.2415283356349,11.0750198724897,-1.63955744474175,15.0861469250756,0.538976512407942,-0.28416684293714,8.21105765909107,-1.91271100562128,-4.13592088473513,3.14224262738513,-14.4701681153685,15.3171017053285,3.52791136521358,-16.6142713411902,5.27241861478102,3.8505634598793,9.50218776929634,-18.8526054620833,-2.03098672460004,5.9261317574817
0,-3.17032933752138,3.91912005061022,-5.48996410294988,5.54941443453158,3.08644021167584,-17.2433933309917,-12.1797530150991,-12.6223466116295,-5.76986455588442,-6.06565193757486,3.60599075196683,NA,6.45950663013738,-5.94207094913689,30.9656799883459,NA,-4.54619523975667,-5.30252114156403,0.0128395705694828,-5.45266857385727,-10.1481052033878,-9.84822366536767,3.3747131248299,3.7182146607332,-13.5765192612574,9.83365863574593,1.39734728157239,11.4145511203283,8.08563209904779,2.08728793538253,NA
0,-11.9533272808515,1.81544493746524,0.993879328244276,6.21206273119354,4.61536782339046,5.61861206045904,-48.2417056485463,1.35993509167457,4.91566736518863,16.746632124306,-2.2255503026781,-11.4591077626082,-1.37510987040702,-7.7264622626524,15.7682866177651,1.81165158974717,-2.90931385218518,-10.3625784929314,6.63649712205245,-4.2067661992988,1.97386736990255,NA,19.2808482399276,12.0109157747546,2.55868285170976,8.99371787323743,1.20317969930119,6.33100130828242,10.5162148800889,-0.353274470554808,7.24958937275744
0,-32.0131067337405,6.61456502196924,13.0885405303236,-6.26938483136266,-0.84942444556826,-10.3055237683924,5.02250217049372,35.6789004200245,-3.18204023656057,-8.21924213416992,5.76790900706374,-18.9484085717975,9.35068592364925,1.678264753653,32.9783173504273,-5.58193176226899,-0.250024107621513,NA,1.77931101136217,-0.929440048102535,-12.7516680991111,-0.817565967322906,4.42947175401747,13.076871246739,-12.6598755213239,4.91655233537904,22.7049147583351,-7.01544760605006,-5.66679203455013,3.03272634115683,NA
0,-19.3159524605107,-1.51055626746393,-8.83234413697392,-4.33774911906711,-1.92059815718895,7.68988015179168,-36.6069144599888,23.1198964675935,13.4909124210781,33.092086376815,-11.2133237128759,5.10329697075325,13.9647237894755,6.78931914240569,15.9015465179754,8.86181100214961,NA,NA,-0.852767926155821,-2.73389332816986,8.11259280706449,-13.9429517457516,NA,11.49758159698,-0.69216082775992,8.98559066045001,0.617512214520545,-11.3837984278479,10.4883168539548,-11.6036063281449,1.89430216245511
0,-31.5491599084945,11.143083084416,-10.5242540201962,-22.0517894062666,2.99451716570834,-3.57337645123437,-23.7360307328101,26.41510886131,-4.79039889616605,-4.01892281136962,-25.3294804575768,-4.87545155703081,-5.50601517132509,0.0911394902380493,14.7664352509968,5.76140795472794,0.871580408569685,NA,9.0644912139209,-2.52064035391448,-0.684621714780192,-15.816481572774,NA,4.9901981765273,NA,7.70210149594179,15.778572272829,-3.15722658736906,7.92740632978546,-4.73439679413188,NA
0,-21.9170887351292,0.161757441753181,-8.53911261979395,-0.943254855546542,5.61592596572549,7.40976578660167,-41.9954003706536,13.1206362676399,0.658317001260386,-11.8395579100097,-7.49000366912459,-6.07407899605515,8.00206674242949,-1.89947816499028,18.104573035297,-9.55422633857007,-7.46638407619697,NA,-1.88337582008859,-26.0509312235569,-10.1180921069045,-14.2176875361281,17.7510991953048,11.3176017835384,-23.7538649537542,-9.68875178965233,9.58548305008982,-2.79443783860421,-3.9336726378238,8.48087380302721,-4.30676307148116
0,-36.3160832999284,5.32474878159923,4.19878689363236,-6.00696393930144,2.39903895324746,1.0206601484691,-8.18384430509428,1.48991258629655,-8.97706397350397,24.7933672143063,-28.001598558655,-3.52383087728698,2.76616014171665,-8.38084173001916,25.3834206679972,15.173650278165,NA,NA,-2.40464510783183,-4.11408877053232,-0.517325658774482,-14.5480737871045,14.3965126665808,1.84337409423111,11.7090148536115,-0.399307701486961,1.13072979269037,7.35764945464219,1.7456378365308,6.94094863575107,-17.8716644926111
0,-6.07957472649113,-6.05911601070417,3.24516452154448,-11.3643293714995,-7.34644844392608,-14.0662493112309,6.8280864699687,0.543111075031192,-2.74493442174264,4.81373170734749,-8.75429860233879,-16.9568685080321,12.3685727330378,-8.27752180607132,15.926498632954,-9.38937520493583,-8.02066027339998,NA,1.82702702869422,-3.05510504307588,-2.34252924295456,-16.3492568532916,3.19624783114705,4.3369969410104,NA,-6.1142688983074,0.355351655902965,11.7207242936319,-0.824601180266697,-6.31036088246856,-5.96102780957432
0,-2.19199558180364,0.950841707187962,-4.10495909813717,-6.661029557768,6.79460198076242,7.4206106538381,-45.6994324290748,2.17852092042227,18.8260263398935,5.50675403483609,-27.7533570333099,-4.17560200864968,11.989945046113,5.81099888690552,14.5360386484568,1.12049014275087,-0.472180675365919,NA,-12.2707931567578,-8.74369752684918,3.37046165334773,NA,24.5993885558325,-1.8089677197643,-22.2321703428753,-3.00395437286176,1.68081412423767,2.53809702435376,-8.70868086228433,7.96037638745498,-26.1813234082694
0,1.99040426588388,1.18037447329,-5.75615115988687,-20.6536777056942,-1.80746000536878,-12.4375216627079,-34.8904614233079,5.87824881646426,24.9825047377167,-7.61583388826217,-25.0729108709927,-11.7866814214096,3.54266848175253,-1.08827476835162,14.0715603262039,-9.38770417928518,-9.41546361616305,5.21927867882104,11.8505855727366,-3.3588930934968,-5.1369067199878,NA,21.4658929188745,-1.81802876492058,-18.8786977362379,16.5962449493566,13.1539206999065,-10.2322780455013,6.30902345691851,11.3447408074224,NA
0,-1.09143451062266,7.85276685340422,2.46036747684451,-9.03945764352645,-3.6630471990691,-2.91730916971817,8.33264104044986,-2.94114134685644,13.0447163209764,38.84923638398,11.9443884276099,-6.32885565302816,7.01935890056063,4.24402404265825,20.4393649596405,-9.72698277422781,1.26197718489232,11.4779196726851,-5.31302227500824,-11.7852141895368,3.7125556188653,NA,4.03192663510269,14.4784807074921,-14.3757866079108,-11.4889450299318,-10.443986623033,14.2542189384281,-1.65517499867086,7.99117401558556,NA
0,-19.2440379024035,14.3218866682801,3.82997203110534,6.40931252211647,-6.56151285372491,-0.0738240977528477,-10.9972849068002,-8.00847915119384,-3.28155273930882,20.0602501418189,-1.79227914693419,NA,9.95881360307354,5.11150926398615,15.2500355015525,-2.49640913710103,-8.67414634598092,10.3924054042126,4.7117618259,-0.127709062955219,1.78868468887485,-32.1675593381059,19.6818920501968,-7.56623148219719,-2.24986959550108,2.55455367597546,4.71092327926465,2.17797429383801,5.03795082849371,3.99466965579134,4.00742542037318
0,-15.8083104530201,3.18388777302127,-1.53333226320957,15.3451611399096,-10.0158110567901,-11.8912804018507,-28.6455268794513,19.9017308173245,-13.7538244078946,-11.8061103663061,-16.0692457491729,-17.925464214595,24.1014575893023,-17.7314845519987,14.2532269956627,4.6605403088836,-5.01795275336777,-15.8312733194004,1.94075830569174,-9.41808082415693,-4.25555388645282,-18.7595653459327,11.9892037235565,-4.36613253907895,-16.4978538541583,-0.973278250121993,-1.2195487634805,-6.93062909235171,-17.5178018474144,2.26791190657838,10.0228320264416
0,-28.0366777169161,-1.26163831084298,-11.6391030548627,7.55586799334223,-6.03546848137695,8.22489912559185,19.7384571914925,-10.7806320127387,-3.22127466224782,14.9660395533884,-3.00114689540493,-21.4711591797629,7.23468812825202,-7.76292493293295,19.999217826894,2.68074464957496,NA,NA,-2.40872603269219,-2.86303801447702,-2.16069852002782,-4.10673227145244,-3.40732048458399,-4.45252066543549,-19.8101150346117,2.65147690306962,-1.15741553503604,-2.20697109426467,-8.1945380377399,6.3390550528792,5.78203364491741
0,-22.5015163751383,1.10906557551608,-9.37937870169543,12.8970880204963,-8.25996386741933,-2.06531343015419,-37.6861592966336,15.664965684685,15.9459241469388,29.3975443840847,-28.8146486691638,23.9036376547124,7.73936585726511,2.3715489706654,16.4644429719345,3.40722058850999,-10.2730693950874,NA,11.5406848927967,-0.862016476226032,-1.76174648476058,-7.36312152211262,19.7672033798395,0.881596004275593,-11.1312428360569,-5.79514430833914,2.81823066148304,0.457805424339185,5.46561089816669,-3.29788523303807,-2.03193957398652
0,-10.2018336251491,-1.98857147049864,9.59907405722825,-1.65276950365438,-0.791993737015133,-6.43435535235037,13.2806133672136,-8.45625989259831,6.85332619185672,-5.71503826508568,14.4195938344087,-9.66615308226176,-0.499886597217582,-2.68415146515831,18.1397066640776,2.25982539351324,NA,NA,-8.20517009853021,-13.3808097440039,-5.11025722722199,-11.1414675717381,-11.0771528378578,15.595702251714,-17.7003740859728,7.87644477522176,-2.0557980910558,7.64559689886488,-0.817751049304178,8.42964438746364,-6.84121615484126
0,-25.6697939352519,-2.17407319236756,-2.6106665663155,-7.13622925137564,-3.44501600252455,-9.55773799985629,20.6195210530926,7.35950215430989,-9.03695413491656,-14.0340766888637,23.1934780408649,-3.40973948687129,-10.6406131186684,-9.90610612758795,15.2827983458661,16.5525508947452,NA,11.4250154213375,1.77482834491057,-0.196360498153986,-7.61988785788456,NA,2.62248495972911,-2.89547544567082,-27.4229841007337,-1.25196889038713,5.11862231510496,-2.89392618173552,5.7284860210108,7.63073680875254,6.85859865503575
0,-31.3539475488802,-6.46228005774637,-13.9720210555511,23.50007303867,-5.12009070028768,4.70872605876026,-48.3611357648994,-11.8529698424877,-8.24414412657003,4.67718592490752,-28.9953556232616,-28.6172226411937,0.507936120235755,-0.494546196865031,23.3956711567167,2.76762284349401,-2.9910095827867,NA,-4.88610859340809,-5.97064730945472,5.22203703234733,5.56378600709072,-1.23657812651575,-6.69954651855149,-14.2103402610584,-2.95621090761916,1.02287137254488,-0.338458141703313,8.49149067386681,-11.9680565368639,-4.68704993146795
0,-18.4220817080101,6.96340007874124,4.60052846737936,-22.6820782492703,4.13259825310254,-4.6884163424557,-24.1483440910059,10.5789345144037,-0.220068627983224,-6.29868252509199,6.45261786398508,4.09811529817243,0.344194993776753,-9.42787522864326,18.2365436054704,9.59200216264902,NA,-2.33475284283996,2.1637814555463,-21.0248278781031,-3.68723043397689,-11.8263727972423,22.1363853744404,14.6675930386029,-20.6846180323701,-2.76413424249198,17.6719114314492,2.43811119855286,-3.5620906135712,2.74830725700687,13.1806402792061
0,-19.4245161762506,-1.14942212611042,-8.78470293663264,-26.413764479577,7.06980341710603,2.03220771239413,-23.8449302604273,17.9227637869409,9.77931961313081,35.0195634877506,0.406776436058664,-2.60635694758017,8.07632123106895,-9.10659389700163,27.1198696803025,9.30281086391888,-10.9378464608054,NA,4.6577958749827,-6.20882775415801,-6.38749219805979,-15.7789410888814,11.2367432508246,13.0795889964559,2.86663833097441,-0.0783236407952614,16.1144520874316,NA,3.4170191155936,-9.45152299779922,0.389543436431765
